Iteration,Setpoint Average,Resources Harvested,Net Reward,Standard Deviation for Setpoints,Duration (seconds),,
1,0,0,0.0,0,0,,
2,-59,1,2953.634441,54,8,,
3,-50,3,11026.640652,44,11,,
4,-54,1,4789.748182,45,8,,
5,-47,2,3828.355318,51,8,,
6,-57,1,1516.676758,48,7,,
7,-54,3,3418.529205,48,8,,
8,-52,1,2828.090355,52,8,,
9,-57,1,3037.052833,50,8,,
10,-54,0,2224.195854,42,6,,
11,-56,2,2016.583738,47,7,,
12,-49,5,6792.885873,46,11,,
13,-56,3,2039.589545,53,8,,
14,-55,0,1173.209503,42,6,,
15,-55,0,1366.413168,42,6,,
16,-59,1,2853.972845,53,8,,
17,-56,2,1592.140443,46,7,,
18,-47,3,8185.474307,57,11,,
19,-45,2,5589.973983,51,8,,
20,-55,0,1286.769821,42,6,,
21,-58,1,1984.365617,50,7,,
22,-54,0,1175.835152,42,6,,
23,-52,1,2942.954566,41,7,,
24,-51,3,7532.005963,50,11,,
25,-55,0,2149.58146,42,6,,
26,-50,1,2984.670863,42,7,,
27,-54,1,1701.433741,41,6,,
28,-56,2,2736.448397,48,7,,
29,-55,0,1941.326901,42,6,,
30,-54,0,1537.38155,41,6,,
31,-54,0,2112.046973,42,6,,
32,-56,1,1440.701735,51,7,,
33,-55,1,4506.439104,45,8,,
34,-55,0,2693.945148,42,6,,
35,-51,2,3805.942043,57,8,,
36,-55,0,1836.554842,43,6,,
37,-55,0,2057.195187,42,6,,
38,-55,0,1186.350754,42,6,,
39,-55,0,876.354968,42,6,,
40,-51,5,5965.883796,62,10,,
41,-54,0,1326.278576,41,6,,
42,-56,0,1662.279567,43,6,,
43,-45,1,4760.216927,53,8,,
44,-54,3,10736.847045,49,10,,
45,-57,2,2042.855368,51,7,,
46,-56,0,2379.894212,43,6,,
47,-54,0,2099.537639,42,6,,
48,-55,1,2256.694997,44,7,,
49,-53,1,2132.973673,42,7,,
50,-55,0,1830.986005,42,6,,
51,-56,4,5544.378142,50,9,,
52,-52,1,2316.11429,44,7,,
53,-48,2,5785.241029,54,8,,
54,-54,1,1303.74365,41,6,,
55,-56,3,1798.059166,48,8,,
56,-55,0,1735.272308,43,6,,
57,-55,0,988.310261,42,6,,
58,-48,2,4449.347846,49,9,,
59,-52,1,6481.008436,47,8,,
60,-55,0,1214.594325,42,6,,
61,-55,1,2205.179232,44,7,,
62,-47,1,2514.64175,52,8,,
63,-55,0,1969.536234,43,6,,
64,-55,0,1374.578186,42,6,,
65,-54,0,3325.990557,42,6,,
66,-54,0,1316.137274,42,6,,
67,-54,0,1669.851783,42,6,,
68,-55,2,2825.871912,48,8,,
69,-55,0,1113.20396,42,6,,
70,-55,0,1767.618134,42,6,,
71,-51,1,1516.173763,43,7,,
72,-55,0,2133.318579,42,6,,
73,-54,1,3403.917669,46,8,,
74,-55,0,1689.877331,42,6,,
75,-55,0,1769.095099,43,6,,
76,-55,0,2131.445237,42,6,,
77,-55,0,1236.852141,42,6,,
78,-55,0,1633.727238,42,6,,
79,-50,1,4993.708339,43,8,,
80,-56,0,1753.06493,44,6,,
81,-55,0,3453.731262,42,6,,
82,-54,2,3601.939527,46,8,,
83,-54,1,1483.695459,42,6,,
84,-50,3,2588.26766,40,7,,
85,-51,1,5099.407582,51,8,,
86,-44,3,6436.027919,63,11,,
87,-57,1,2606.292033,49,7,,
88,-44,3,13452.762043,64,10,,
89,-54,0,2674.543356,41,6,,
90,-55,0,1572.577141,42,6,,
91,-55,0,1813.826684,42,6,,
92,-55,0,2617.155868,42,6,,
93,-56,0,1508.130506,48,7,,
94,-54,0,2189.967221,42,6,,
95,-54,0,2411.893028,48,7,,
96,-55,0,1674.037895,42,6,,
97,-55,0,1238.590509,42,6,,
98,-55,0,1349.574408,42,6,,
99,-54,0,1319.672282,42,6,,
100,-51,1,1919.606949,43,7,,
101,-58,2,3228.903488,51,8,,
102,-55,0,2384.257482,42,6,,
103,-49,1,5957.823748,55,8,,
104,-55,1,1991.22138,50,7,,
105,-55,0,2221.413784,43,6,,
106,-55,1,5833.983425,46,8,,
107,-54,1,1583.042351,55,8,,
108,-54,0,1959.308344,42,6,,
109,-58,3,4063.945308,53,9,,
110,-48,1,3697.029159,45,7,,
111,-58,2,4034.434096,56,9,,
112,-57,1,1945.874204,48,7,,
113,-54,0,1548.648954,42,6,,
114,-57,1,2981.305779,50,8,,
115,-54,0,1814.914902,42,6,,
116,-55,0,1430.198287,42,6,,
117,-55,0,1652.115033,42,6,,
118,-55,0,1217.561255,42,6,,
119,-50,1,2696.437482,46,7,,
120,-47,1,4729.634201,54,8,,
121,-55,0,1221.781179,43,6,,
122,-55,0,1742.727755,42,6,,
123,-55,0,1324.456365,42,6,,
124,-57,1,2708.095719,48,7,,
125,-54,0,1489.940542,42,6,,
126,-52,2,4228.32499,42,8,,
127,-55,0,1425.100497,43,6,,
128,-54,0,2146.295202,42,6,,
129,-54,1,2849.360306,42,7,,
130,-55,0,2111.958205,43,6,,
131,-55,0,1409.80681,43,6,,
132,-54,1,5080.52192,45,8,,
133,-56,1,1392.855462,50,7,,
134,-53,1,2085.14635,39,6,,
135,-49,1,6706.727522,55,8,,
136,-54,1,1945.602318,41,6,,
137,-56,0,2580.464546,44,6,,
138,-54,2,5571.258767,65,9,,
139,-50,2,9051.859711,47,9,,
140,-55,0,2386.014825,42,6,,
141,-50,1,3686.503466,50,8,,
142,-55,0,1654.131911,42,6,,
143,-54,0,1271.354344,41,6,,
144,-55,0,2127.024586,43,6,,
145,-54,2,4583.422522,54,9,,
146,-54,0,1924.226393,42,6,,
147,-55,0,1393.184318,42,6,,
148,-50,1,2895.692251,49,8,,
149,-55,1,1472.591258,43,6,,
150,-52,2,2396.37651,48,7,,
151,-55,0,1252.288033,43,6,,
152,-56,1,2550.073889,48,7,,
153,-55,0,1365.035539,42,6,,
154,-55,1,2261.29607,45,7,,
155,-53,2,2497.690993,44,7,,
156,-53,1,2233.584531,41,6,,
157,-58,1,1728.050528,50,7,,
158,-55,0,2500.694912,42,6,,
159,-55,0,1983.600862,42,6,,
160,-57,1,4535.233005,51,8,,
161,-55,0,2933.922191,43,6,,
162,-56,1,1682.044894,47,7,,
163,-45,1,4491.330872,52,8,,
164,-55,0,1195.120531,42,6,,
165,-55,0,935.641218,43,6,,
166,-56,0,1575.468998,44,6,,
167,-55,0,2402.860885,42,6,,
168,-54,0,1996.056908,42,6,,
169,-55,0,1501.00682,42,6,,
170,-55,1,2603.526431,44,7,,
171,-54,0,1721.6658,42,6,,
172,-55,0,1482.936301,42,6,,
173,-51,1,3846.111133,51,8,,
174,-56,0,1758.066209,44,6,,
175,-47,2,5576.370856,53,8,,
176,-55,0,1231.589338,42,6,,
177,-55,0,2133.450457,42,6,,
178,-55,0,1425.806774,42,6,,
179,-56,0,1286.908802,47,7,,
180,-55,0,2429.919583,42,6,,
181,-46,2,5108.018642,55,9,,
182,-54,1,1501.153017,47,7,,
183,-51,1,3580.185429,50,8,,
184,-50,1,2389.128568,41,7,,
185,-54,1,1875.062499,44,7,,
186,-55,0,1624.305581,42,6,,
187,-55,0,2083.45578,42,6,,
188,-50,0,115.176764,65,18,,
189,-55,0,2048.152104,43,6,,
190,-55,0,1801.447162,43,6,,
191,-48,3,4928.034852,54,9,,
192,-49,2,5079.049498,41,8,,
193,-54,0,1650.94247,42,6,,
194,-54,0,830.413533,42,6,,
195,-55,0,1401.582898,42,6,,
196,-53,1,1570.065779,43,7,,
197,-55,0,1734.983896,42,6,,
198,-56,2,2418.790044,48,8,,
199,-49,1,3819.987565,48,8,,
200,-55,0,1740.912907,43,6,,
201,-51,1,4665.617367,44,8,,
202,-55,0,2644.659949,43,6,,
203,-56,1,1809.633052,47,7,,
204,-49,1,5670.358353,55,8,,
205,-54,0,974.810154,41,6,,
206,-55,0,2255.758061,42,6,,
207,-55,0,1920.761378,43,6,,
208,-53,3,4534.090471,43,8,,
209,-54,0,1764.859946,42,6,,
210,-56,3,5407.990412,49,9,,
211,-55,0,1860.861888,42,6,,
212,-51,2,6302.26744,46,9,,
213,-53,2,2692.619387,47,8,,
214,-58,0,1094.587481,50,7,,
215,-49,2,6419.400892,55,8,,
216,-54,0,2384.866749,42,6,,
217,-55,1,6428.55946,45,8,,
218,-53,6,6453.373391,53,13,,
219,-54,1,1962.405013,41,6,,
220,-55,0,1454.990669,42,6,,
221,-56,1,3720.227659,49,7,,
222,-55,0,1164.404764,42,6,,
223,-55,0,2241.420448,43,6,,
224,-55,1,2281.582975,45,7,,
225,-55,0,1534.889828,42,6,,
226,-50,2,4590.597838,43,8,,
227,-55,0,2048.901692,42,6,,
228,-53,3,5166.592076,47,9,,
229,-57,3,4237.75697,52,8,,
230,-56,1,5840.784542,47,8,,
231,-56,0,1305.180602,43,6,,
232,-46,1,5905.874551,53,8,,
233,-54,0,2012.982359,42,6,,
234,-56,0,2192.310062,43,6,,
235,-54,0,2438.239275,42,6,,
236,-54,2,4741.810502,50,7,,
237,-55,0,1632.651275,43,6,,
238,-55,0,1564.001541,42,6,,
239,-55,0,1526.332374,42,6,,
240,-50,2,2197.347858,42,8,,
241,-55,0,1457.833197,43,6,,
242,-55,0,2094.609766,42,6,,
243,-55,0,2221.761434,42,6,,
244,-58,1,2289.999041,50,7,,
245,-58,4,6243.126346,55,9,,
246,-46,4,8186.469457,51,11,,
247,-55,1,6045.596092,45,8,,
248,-54,1,3297.770604,44,7,,
249,-57,1,2699.43365,50,7,,
250,-53,1,1642.289946,40,6,,
251,-55,0,1182.253529,42,6,,
252,-54,0,1444.064438,42,6,,
253,-55,2,2856.225331,51,8,,
254,-50,1,4690.638954,50,8,,
255,-55,0,1034.855636,45,7,,
256,-51,1,4752.491996,52,8,,
257,-56,1,2483.949724,46,7,,
258,-54,0,2653.026474,41,6,,
259,-58,1,5751.649066,52,8,,
260,-56,2,1623.765911,49,8,,
261,-54,1,2834.413148,41,7,,
262,-55,0,2065.264313,42,6,,
263,-50,1,4616.034784,55,8,,
264,-46,4,9748.644152,67,12,,
265,-52,1,3438.493172,40,7,,
266,-59,1,4461.23821,54,8,,
267,-55,1,1448.034916,46,7,,
268,-54,0,1793.442868,41,6,,
269,-55,0,1899.025155,42,6,,
270,-55,0,1548.973025,42,6,,
271,-54,0,1580.419574,42,6,,
272,-54,0,3207.337386,42,6,,
273,-50,1,4565.476187,47,7,,
274,-55,0,2334.92057,43,6,,
275,-56,5,7110.37427,61,11,,
276,-55,0,2341.920341,42,6,,
277,-55,0,1291.985617,42,6,,
278,-54,1,1609.943099,42,6,,
279,-55,0,2470.436111,42,6,,
280,-53,2,7095.444717,62,9,,
281,-54,2,5005.623514,43,8,,
282,-55,0,2285.43196,42,6,,
283,-55,1,2514.013589,44,7,,
284,-57,1,3766.142653,48,7,,
285,-43,3,13411.653302,57,11,,
286,-53,2,3532.625638,45,7,,
287,-54,3,2515.537419,44,8,,
288,-54,0,2495.43645,42,6,,
289,-55,0,1594.702681,42,6,,
290,-55,0,1279.416571,42,6,,
291,-54,1,1888.909974,41,6,,
292,-55,0,1625.042562,42,6,,
293,-61,3,6457.283589,61,10,,
294,-55,1,2410.188367,44,7,,
295,-53,4,7291.033234,53,11,,
296,-56,1,3204.665795,48,7,,
297,-56,0,1732.30106,44,6,,
298,-49,3,6599.400249,40,8,,
299,-55,0,1340.127836,43,6,,
300,-55,0,1896.113368,42,6,,
301,-55,0,1817.404426,42,6,,
302,-55,0,1723.808851,43,6,,
303,-53,1,4261.045679,48,8,,
304,-57,2,5160.479025,50,9,,
305,-54,0,1818.267841,42,6,,
306,-49,1,2368.163629,45,7,,
307,-54,0,1897.495971,42,6,,
308,-55,0,1590.229329,43,6,,
309,-54,0,2474.271792,42,6,,
310,-58,1,1799.839305,50,7,,
311,-55,0,2534.713981,42,6,,
312,-55,0,1268.816877,42,6,,
313,-55,0,1868.577061,42,6,,
314,-52,1,4703.974583,47,8,,
315,-48,1,6281.791718,54,8,,
316,-56,2,5870.076389,47,8,,
317,-53,0,2000.128335,40,6,,
318,-48,2,4118.292538,41,8,,
319,-54,2,2930.748141,50,8,,
320,-55,0,2354.184945,42,6,,
321,-48,1,5399.853817,47,8,,
322,-55,1,4972.929555,47,8,,
323,-49,3,13260.620209,48,12,,
324,-52,3,4032.482438,49,10,,
325,-55,0,1393.81639,42,6,,
326,-45,4,11424.764288,48,12,,
327,-55,0,2193.945248,42,6,,
328,-54,0,1653.805574,41,6,,
329,-52,2,6251.661741,49,8,,
330,-55,1,1935.60569,45,7,,
331,-50,2,8465.935916,51,9,,
332,-54,0,1441.239869,42,6,,
333,-54,0,1320.74839,41,6,,
334,-55,0,2953.182127,43,6,,
335,-54,1,1768.616404,42,6,,
336,-50,5,6658.679171,61,11,,
337,-53,0,1409.175506,45,8,,
338,-55,0,2838.46703,42,6,,
339,-55,0,1273.942126,42,6,,
340,-55,0,1668.952373,42,6,,
341,-55,0,2403.852579,42,6,,
342,-58,1,2873.315531,51,7,,
343,-55,1,2702.413253,43,7,,
344,-53,0,1235.106702,41,6,,
345,-46,3,8622.175873,54,11,,
346,-59,3,5455.039902,54,9,,
347,-56,0,2725.317821,43,6,,
348,-55,0,1293.265504,42,6,,
349,-58,3,5891.864093,53,10,,
350,-54,0,1693.458396,42,6,,
351,-56,1,2087.98178,46,7,,
352,-46,2,6375.87575,50,9,,
353,-57,1,3447.772301,49,7,,
354,-57,1,1880.749982,49,7,,
355,-55,1,1744.490742,45,7,,
356,-54,2,5575.014568,49,9,,
357,-43,4,10010.543725,72,12,,
358,-51,1,6670.698778,50,8,,
359,-55,4,3492.215558,46,8,,
360,-55,0,1161.327628,42,6,,
361,-55,0,1449.156427,43,6,,
362,-52,2,4677.676811,45,8,,
363,-55,0,1730.325635,42,6,,
364,-55,0,1908.651478,42,6,,
365,-55,0,1807.289277,43,6,,
366,-55,0,1688.028743,43,6,,
367,-55,1,4577.37953,47,8,,
368,-55,0,2026.616372,42,6,,
369,-48,1,3535.324855,45,7,,
370,-52,1,5381.969022,46,8,,
371,-54,2,4230.389664,46,8,,
372,-53,1,2138.179388,45,7,,
373,-53,1,5589.396692,44,8,,
374,-57,2,2311.714253,49,8,,
375,-52,3,7016.789033,56,10,,
376,-58,2,6484.361367,53,9,,
377,-55,0,1422.853001,42,6,,
378,-58,1,5012.256172,52,8,,
379,-55,0,1818.230116,42,6,,
380,-55,4,12721.513754,51,12,,
381,-55,0,2031.868182,42,6,,
382,-58,2,3637.06423,52,8,,
383,-54,1,2295.088697,41,7,,
384,-55,0,2016.272402,42,6,,
385,-57,0,1846.820799,49,7,,
386,-48,1,6050.423481,55,8,,
387,-48,4,13391.240579,51,12,,
388,-57,1,4935.611544,51,8,,
389,-56,3,6620.122372,48,9,,
390,-58,1,5278.23893,51,8,,
391,-54,0,1518.008903,42,6,,
392,-55,0,2430.457247,43,6,,
393,-56,1,2170.404119,46,7,,
394,-56,3,4430.198818,62,10,,
395,-55,0,1936.511536,42,6,,
396,-50,1,3577.560259,46,7,,
397,-55,0,1176.99473,42,6,,
398,-56,1,5648.341823,47,8,,
399,-55,0,1631.496273,42,6,,
400,-47,3,10602.518667,66,10,,
401,-59,4,6526.118797,58,9,,
402,-54,0,1544.682436,41,6,,
403,-56,2,2386.408249,47,7,,
404,-55,0,2502.725376,42,6,,
405,-51,1,1861.884068,48,7,,
406,-54,0,2310.682147,41,6,,
407,-55,0,2664.242891,42,6,,
408,-59,2,7645.884246,56,10,,
409,-53,2,2809.445815,46,8,,
410,-55,1,5117.383876,50,8,,
411,-48,1,3950.639074,45,7,,
412,-55,1,6298.093659,45,8,,
413,-55,1,3424.127537,45,7,,
414,-47,8,18564.899414,61,18,,
415,-54,0,1289.692164,42,6,,
416,-53,2,6518.930262,52,9,,
417,-54,1,2111.591564,44,7,,
418,-55,0,1476.13195,42,6,,
419,-54,0,1569.177455,41,6,,
420,-54,2,6117.457103,43,8,,
421,-56,3,5504.898444,50,10,,
422,-54,0,2118.043557,42,6,,
423,-53,1,4650.000692,44,8,,
424,-58,2,7418.832537,52,9,,
425,-55,2,7656.847403,54,10,,
426,-54,1,2008.340952,42,6,,
427,-57,2,3578.312632,50,8,,
428,-57,2,2585.695652,49,7,,
429,-56,2,2744.260704,48,8,,
430,-55,0,2516.720499,42,6,,
431,-55,0,1436.473572,42,6,,
432,-54,0,1319.761283,41,6,,
433,-54,0,1557.443967,41,6,,
434,-54,1,2018.37332,42,6,,
435,-55,0,2047.842346,42,6,,
436,-52,1,4645.602159,47,8,,
437,-55,0,1883.049174,43,6,,
438,-52,1,2420.122812,48,7,,
439,-53,1,5805.016197,44,8,,
440,-59,1,4612.399017,54,8,,
441,-53,3,5122.298489,51,9,,
442,-55,1,1925.220752,44,7,,
443,-55,0,1793.980877,42,6,,
444,-54,0,1652.456449,42,6,,
445,-57,1,1514.979824,48,7,,
446,-55,0,1607.418874,42,6,,
447,-49,1,7722.698371,55,8,,
448,-54,0,1607.040027,41,6,,
449,-54,0,2856.076523,42,6,,
450,-54,0,2590.295001,42,6,,
451,-50,5,13072.298977,68,14,,
452,-53,1,2888.55883,40,6,,
453,-55,0,2200.178079,42,6,,
454,-51,2,3476.127362,47,9,,
455,-53,1,2177.581824,41,7,,
456,-54,0,1992.880734,41,6,,
457,-54,1,2501.380226,40,6,,
458,-51,1,6136.04718,44,8,,
459,-55,0,2227.74057,42,6,,
460,-50,2,4158.068346,47,8,,
461,-55,0,2233.699048,42,6,,
462,-55,0,1999.176847,42,6,,
463,-55,0,2548.262915,43,6,,
464,-53,1,1690.634864,41,6,,
465,-54,2,4484.368367,53,9,,
466,-58,1,4727.382005,52,8,,
467,-58,1,2139.388807,50,7,,
468,-54,2,4409.22292,48,9,,
469,-51,4,5558.064909,45,11,,
470,-53,2,7866.999571,49,9,,
471,-54,2,3277.897737,44,7,,
472,-55,0,2989.938966,43,6,,
473,-57,1,2091.993546,47,7,,
474,-53,2,8655.030806,43,9,,
475,-55,0,1746.206639,43,6,,
476,-56,1,3842.952875,48,8,,
477,-54,0,2118.199783,41,6,,
478,-52,5,13163.215175,63,13,,
479,-55,0,2397.16677,42,6,,
480,-55,0,2255.217258,43,6,,
481,-55,0,2413.164732,42,6,,
482,-55,0,1864.96653,42,6,,
483,-54,1,4482.965991,46,8,,
484,-53,0,2123.028984,40,6,,
485,-55,1,2287.793249,46,7,,
486,-55,0,1495.107046,43,6,,
487,-55,0,3656.514023,42,6,,
488,-54,0,1250.790552,40,6,,
489,-55,0,2060.108826,42,6,,
490,-54,0,1741.693473,42,6,,
491,-54,1,2151.500095,41,6,,
492,-55,0,2413.133305,42,6,,
493,-56,1,4542.390207,48,8,,
494,-54,1,2881.308268,42,7,,
495,-43,3,6882.138997,64,10,,
496,-56,0,1361.427219,46,7,,
497,-57,1,6287.188354,50,8,,
498,-53,2,5321.803288,46,8,,
499,-55,0,1610.769263,42,6,,
500,-58,1,4878.090232,52,8,,
501,-52,3,8959.336398,47,10,,
502,-53,2,6257.270788,51,8,,
503,-56,1,2497.345742,49,7,,
504,-56,2,2515.988828,50,8,,
505,-53,2,4849.31328,43,8,,
506,-49,4,8227.795409,57,10,,
507,-52,1,6280.407158,42,8,,
508,-54,0,2392.914268,42,6,,
509,-57,1,7451.196267,50,8,,
510,-55,1,4514.255987,47,8,,
511,-55,0,2382.695625,43,6,,
512,-54,0,2159.640746,42,6,,
513,-50,2,12878.519485,64,10,,
514,-58,1,4276.296209,53,8,,
515,-55,1,2945.227812,44,7,,
516,-52,2,4978.591947,43,8,,
517,-51,1,3678.636696,50,8,,
518,-55,0,3284.983779,42,6,,
519,-49,3,12828.593878,48,12,,
520,-57,1,3040.942777,49,7,,
521,-49,3,7370.840826,45,10,,
522,-55,0,2345.261671,42,6,,
523,-55,0,1825.631896,42,6,,
524,-50,3,3336.822316,55,9,,
525,-48,3,6941.213258,53,9,,
526,-55,0,1790.514722,42,6,,
527,-49,1,3866.924368,46,7,,
528,-50,1,5410.081275,44,8,,
529,-51,2,5284.319346,45,8,,
530,-55,1,4383.522013,47,8,,
531,-56,2,4038.072079,50,8,,
532,-52,3,10833.77872,46,10,,
533,-54,4,5629.768146,55,10,,
534,-53,4,8367.329869,57,10,,
535,-54,3,4281.981233,50,8,,
536,-55,1,2052.625056,45,7,,
537,-54,0,1885.551519,42,6,,
538,-57,1,2100.653751,50,7,,
539,-54,0,1249.938474,41,6,,
540,-48,1,5788.854098,47,8,,
541,-48,1,7265.920459,47,8,,
542,-55,0,1797.771316,42,6,,
543,-54,1,4106.923167,45,8,,
544,-55,0,1893.417397,43,6,,
545,-54,1,3291.081754,41,6,,
546,-57,1,4278.6577,50,8,,
547,-56,1,3136.264212,48,7,,
548,-58,1,1949.769854,50,7,,
549,-54,0,2436.532889,41,6,,
550,-55,0,1736.887685,42,6,,
551,-54,2,5516.124158,57,9,,
552,-56,3,2818.41111,49,8,,
553,-55,0,2409.507869,43,6,,
554,-55,0,2108.96376,43,6,,
555,-54,1,2178.163961,41,6,,
556,-52,2,3486.783582,45,8,,
557,-55,0,1861.371255,43,6,,
558,-50,2,7586.22563,50,8,,
559,-55,1,2445.787409,42,6,,
560,-48,2,10112.282302,56,10,,
561,-55,0,2140.262378,42,6,,
562,-49,2,5630.560683,42,8,,
563,-55,0,1781.055999,42,6,,
564,-42,3,12565.613924,56,10,,
565,-57,1,6885.126446,50,8,,
566,-54,1,3372.003061,47,7,,
567,-57,1,2310.263355,49,7,,
568,-55,0,2849.270272,43,6,,
569,-40,4,16874.192511,68,13,,
570,-54,2,5987.186026,44,8,,
571,-55,0,4039.278845,42,6,,
572,-49,3,8625.850117,51,10,,
573,-54,2,1796.26074,54,8,,
574,-55,0,2656.076041,42,6,,
575,-54,1,1518.246487,40,6,,
576,-56,2,5688.127641,60,9,,
577,-54,1,2148.504519,42,6,,
578,-47,4,10980.718931,69,12,,
579,-55,0,2202.96587,42,6,,
580,-49,1,5908.812926,55,8,,
581,-57,3,5695.78836,53,9,,
582,-54,2,2952.00579,44,7,,
583,-55,0,3051.510998,43,6,,
584,-55,2,2275.704703,47,7,,
585,-49,1,7372.913308,55,8,,
586,-54,0,1846.133084,42,6,,
587,-55,1,5586.051452,47,8,,
588,-45,3,7311.598641,53,9,,
589,-54,0,2115.134463,42,6,,
590,-54,2,6690.726168,45,8,,
591,-55,0,2005.266825,42,6,,
592,-51,1,6601.300024,50,8,,
593,-55,2,9232.619316,49,9,,
594,-50,1,4537.430306,49,8,,
595,-55,0,1857.464652,42,6,,
596,-46,6,17889.229954,53,14,,
597,-54,0,2540.70239,42,6,,
598,-53,2,5400.39412,49,9,,
599,-55,0,2578.367967,42,6,,
600,-46,2,11423.251356,54,10,,
601,-52,2,10937.118817,44,10,,
602,-51,2,5151.146235,40,8,,
603,-56,0,1313.568044,43,6,,
604,-51,2,13773.269972,52,10,,
605,-51,4,5496.958603,51,9,,
606,-53,1,4967.141085,47,8,,
607,-57,2,7965.705842,49,8,,
608,-55,0,1757.941974,42,6,,
609,-55,0,1952.173888,42,6,,
610,-50,1,2745.396065,46,7,,
611,-53,3,8046.807022,47,10,,
612,-57,1,1800.288674,48,7,,
613,-55,0,2891.092628,43,6,,
614,-56,3,9075.544289,51,10,,
615,-56,1,4407.632822,49,7,,
616,-48,1,5273.557507,48,8,,
617,-54,0,4053.653963,42,6,,
618,-51,1,3466.728806,47,7,,
619,-58,2,4367.878272,55,9,,
620,-53,2,5909.148079,44,9,,
621,-54,0,1871.458969,42,6,,
622,-57,4,18673.707209,58,14,,
623,-54,2,2848.553613,44,8,,
624,-52,1,3080.741456,40,6,,
625,-53,1,2395.588418,39,6,,
626,-55,2,4531.126154,55,9,,
627,-54,0,2208.528427,42,6,,
628,-58,1,4975.489331,51,8,,
629,-57,1,2550.887063,48,7,,
630,-55,0,2240.596227,42,6,,
631,-54,2,8468.259794,49,10,,
632,-54,1,2965.651747,43,7,,
633,-55,0,2187.76811,42,6,,
634,-52,4,16229.913396,58,11,,
635,-55,1,2352.85482,42,6,,
636,-54,0,2373.433598,42,6,,
637,-47,2,8436.206792,54,8,,
638,-51,2,5980.679923,43,8,,
639,-56,3,6011.606,49,9,,
640,-54,1,5127.225116,46,8,,
641,-54,3,8949.163712,60,10,,
642,-55,0,2891.210937,42,6,,
643,-51,1,6069.746967,45,8,,
644,-56,0,1874.691086,47,7,,
645,-55,0,3239.057701,42,6,,
646,-55,0,2801.161688,42,6,,
647,-55,0,2648.992739,42,6,,
648,-54,0,3305.418534,42,6,,
649,-51,1,6730.565955,45,8,,
650,-50,2,3053.339444,40,7,,
651,-55,1,2644.033722,45,7,,
652,-53,1,2259.581,40,6,,
653,-56,0,2349.558704,44,6,,
654,-54,0,3473.837375,42,6,,
655,-51,2,2993.375425,40,7,,
656,-55,0,2265.005336,42,6,,
657,-60,2,3377.479051,57,8,,
658,-55,0,1904.33038,42,6,,
659,-54,0,1560.239826,41,6,,
660,-57,1,3574.135193,49,7,,
661,-56,0,1934.098447,43,6,,
662,-57,1,2490.903395,48,7,,
663,-55,0,2873.188558,42,6,,
664,-57,0,1728.739792,44,6,,
665,-54,0,2360.367433,41,6,,
666,-55,3,5712.616134,54,9,,
667,-51,2,2884.751698,40,7,,
668,-55,0,2436.629123,42,6,,
669,-54,0,3351.009985,42,6,,
670,-49,1,4269.770295,45,7,,
671,-58,1,2454.36114,51,7,,
672,-55,0,1393.144833,42,6,,
673,-55,0,2242.585623,42,6,,
674,-52,2,2394.125481,45,7,,
675,-55,0,1864.608559,42,6,,
676,-52,3,6397.192111,49,9,,
677,-55,0,2615.860697,42,6,,
678,-52,1,3055.419343,41,7,,
679,-55,0,3161.949643,42,6,,
680,-55,2,2875.324335,46,8,,
681,-55,1,3946.224549,44,7,,
682,-57,2,4342.589649,58,9,,
683,-55,0,2725.088901,43,6,,
684,-54,0,2672.275523,42,6,,
685,-55,0,2927.650146,43,6,,
686,-53,0,2279.92247,39,6,,
687,-59,2,6868.048518,56,9,,
688,-55,0,1963.898201,42,6,,
689,-46,2,6217.773374,48,9,,
690,-54,0,2428.530396,42,6,,
691,-54,0,2214.66072,41,6,,
692,-48,1,4977.583829,55,8,,
693,-55,0,2678.559233,43,6,,
694,-54,2,2760.750681,49,7,,
695,-54,0,1921.355149,42,6,,
696,-54,0,2491.016629,41,6,,
697,-55,0,2462.751088,42,6,,
698,-55,0,1695.970281,42,6,,
699,-55,0,2240.117277,42,6,,
700,-53,1,2237.971589,39,6,,
701,-56,1,4650.668132,48,8,,
702,-55,0,1982.301209,42,6,,
703,-52,2,5670.467071,43,8,,
704,-40,2,8175.935373,57,9,,
705,-51,2,4161.875807,41,8,,
706,-55,0,3072.31686,42,6,,
707,-54,1,3750.53817,45,7,,
708,-55,0,1840.258411,42,6,,
709,-48,4,16056.66118,65,12,,
710,-47,2,7456.015181,41,8,,
711,-55,1,1702.884369,49,8,,
712,-49,3,12477.947474,67,12,,
713,-52,4,16109.653795,49,11,,
714,-55,0,3264.377231,42,6,,
715,-45,2,9803.80407,51,9,,
716,-57,3,7592.912621,53,9,,
717,-54,1,2609.909636,42,7,,
718,-55,0,2088.588149,43,6,,
719,-55,4,9767.202864,55,11,,
720,-53,1,2422.5272,40,6,,
721,-55,0,2612.457198,42,6,,
722,-55,0,2220.932303,43,6,,
723,-53,2,8104.097853,51,9,,
724,-54,0,1925.297993,41,6,,
725,-55,7,20226.294283,51,12,,
726,-50,2,2713.82648,46,7,,
727,-53,1,3131.763786,42,7,,
728,-55,2,5776.505894,49,9,,
729,-44,3,6382.594386,51,8,,
730,-43,3,11814.909098,57,11,,
731,-58,1,2137.516246,54,8,,
732,-55,0,2245.481417,42,6,,
733,-53,1,3645.076086,43,7,,
734,-55,0,3615.324522,42,6,,
735,-53,1,6406.009558,47,8,,
736,-51,6,12706.349361,56,14,,
737,-41,6,14041.427297,69,14,,
738,-54,0,1982.02895,42,6,,
739,-56,0,2902.989933,43,6,,
740,-58,2,5448.424606,52,9,,
741,-52,1,6403.959888,51,8,,
742,-52,2,7341.6074,44,9,,
743,-56,1,3406.166555,51,7,,
744,-53,1,5722.212501,45,8,,
745,-53,2,2666.343444,41,7,,
746,-55,0,2421.58981,43,6,,
747,-49,1,3513.037941,45,7,,
748,-52,3,6520.751869,55,9,,
749,-59,1,7622.972571,53,8,,
750,-50,0,919.079505,65,18,,
751,-55,0,2240.008623,42,6,,
752,-55,7,11041.126237,54,13,,
753,-54,1,2423.178201,41,6,,
754,-51,2,5133.432139,40,8,,
755,-55,4,12786.991553,50,12,,
756,-56,0,2547.976227,43,6,,
757,-54,1,2462.965401,46,7,,
758,-48,4,11008.474438,52,11,,
759,-51,1,5352.688758,50,8,,
760,-58,1,3597.117547,51,7,,
761,-55,1,5821.580699,45,8,,
762,-55,2,4492.048622,51,8,,
763,-53,1,2264.65187,40,6,,
764,-55,0,2216.540106,42,6,,
765,-54,1,3955.053782,46,8,,
766,-54,0,2075.992701,41,6,,
767,-54,2,6079.892586,48,9,,
768,-54,1,2319.842844,42,6,,
769,-57,5,15651.632156,56,12,,
770,-41,5,10745.569403,66,12,,
771,-54,0,2664.34596,42,6,,
772,-54,1,5685.965345,45,8,,
773,-55,0,2652.428271,42,6,,
774,-55,0,1713.523976,42,6,,
775,-46,3,12734.368173,59,11,,
776,-52,3,2749.498791,45,8,,
777,-55,1,6454.814618,45,8,,
778,-55,0,2945.942812,42,6,,
779,-55,2,4700.533123,54,8,,
780,-56,3,6179.885965,50,8,,
781,-55,0,1843.027064,42,6,,
782,-55,1,6943.393087,46,8,,
783,-56,2,2888.309712,50,8,,
784,-55,0,2727.954608,42,6,,
785,-58,1,6569.643089,51,8,,
786,-55,2,4024.688373,49,8,,
787,-56,2,2797.711553,49,7,,
788,-55,0,2627.45108,42,6,,
789,-51,1,2825.322876,47,7,,
790,-52,2,5431.967653,48,9,,
791,-51,1,2790.892262,43,7,,
792,-57,1,2856.999159,49,7,,
793,-57,1,3330.229117,49,7,,
794,-55,1,2856.384014,44,7,,
795,-54,1,2946.45729,41,6,,
796,-55,0,3218.240441,43,6,,
797,-48,3,16159.660469,54,12,,
798,-53,1,2242.890387,40,6,,
799,-54,1,2685.945679,41,6,,
800,-48,2,13303.203145,45,10,,
801,-55,0,2691.39237,42,6,,
802,-55,0,3474.595129,42,6,,
803,-52,1,4679.862386,39,7,,
804,-52,3,4494.368573,56,9,,
805,-55,0,3807.47039,43,6,,
806,-55,0,3097.355338,42,6,,
807,-54,0,2974.928291,41,6,,
808,-44,3,6257.953659,59,10,,
809,-54,1,2270.809275,40,6,,
810,-56,1,4230.829383,46,7,,
811,-52,4,13848.605544,55,13,,
812,-55,0,2761.19203,42,6,,
813,-50,4,18803.141381,72,14,,
814,-49,2,10404.503916,52,10,,
815,-50,2,4831.423684,54,9,,
816,-55,1,6208.81134,45,8,,
817,-54,3,9895.523975,49,10,,
818,-54,1,1820.311664,41,6,,
819,-57,1,5879.613191,50,8,,
820,-54,0,2015.621063,42,6,,
821,-57,3,4464.960837,51,9,,
822,-43,3,11857.828354,56,11,,
823,-46,2,6992.304365,54,9,,
824,-55,0,2674.480815,43,6,,
825,-53,1,2980.662098,39,6,,
826,-53,1,3619.287025,43,7,,
827,-47,2,5202.717639,43,8,,
828,-54,3,3929.539064,47,9,,
829,-55,0,3559.344137,43,6,,
830,-56,1,6651.616281,48,8,,
831,-55,0,4617.386531,42,6,,
832,-50,1,4199.51132,42,7,,
833,-51,6,13149.468121,53,13,,
834,-52,1,5053.670759,47,8,,
835,-50,1,5373.428505,50,8,,
836,-54,0,2133.297309,41,6,,
837,-57,1,3866.452079,49,7,,
838,-52,1,6630.479704,47,8,,
839,-55,0,2151.16951,42,6,,
840,-47,3,6989.559142,58,10,,
841,-50,2,7166.331409,45,9,,
842,-57,1,2139.442591,49,7,,
843,-48,1,7605.690006,47,8,,
844,-35,3,15484.063765,69,10,,
845,-51,4,11772.754925,49,11,,
846,-50,2,6822.418242,61,9,,
847,-55,0,3533.147606,42,6,,
848,-55,0,2820.533577,42,6,,
849,-55,0,3107.992828,42,6,,
850,-53,1,5314.907285,44,8,,
851,-55,0,2026.036862,42,6,,
852,-55,0,1999.723848,42,6,,
853,-57,1,4418.262728,49,8,,
854,-52,7,19629.312954,61,15,,
855,-49,4,16085.584392,58,12,,
856,-50,1,5813.894065,44,8,,
857,-53,1,2682.072589,41,6,,
858,-51,3,4201.777372,53,8,,
859,-52,1,4781.273115,47,8,,
860,-55,0,2111.767624,43,6,,
861,-51,1,5465.367602,50,8,,
862,-54,3,3713.434457,44,7,,
863,-51,1,4079.65304,39,7,,
864,-47,4,11892.066165,50,11,,
865,-50,1,4573.343394,47,7,,
866,-55,0,3570.498498,42,6,,
867,-49,1,4343.786804,45,7,,
868,-45,4,9930.724735,61,11,,
869,-52,1,7330.509524,47,8,,
870,-59,3,4333.014872,56,9,,
871,-54,0,2994.510747,42,6,,
872,-55,1,3045.388818,45,7,,
873,-54,0,2826.401664,42,6,,
874,-50,1,3290.352204,42,7,,
875,-55,0,2352.868833,42,6,,
876,-56,0,2845.340986,44,6,,
877,-45,4,5331.127141,51,9,,
878,-54,3,7009.310857,52,9,,
879,-48,3,7417.162572,42,8,,
880,-52,1,3813.290935,41,7,,
881,-55,0,1849.23029,42,6,,
882,-54,2,7053.01988,48,9,,
883,-44,2,6782.015763,49,8,,
884,-55,0,2334.674999,42,6,,
885,-57,4,2799.474271,52,9,,
886,-57,2,8856.712784,51,9,,
887,-58,1,5563.38034,52,8,,
888,-49,2,7608.113752,55,9,,
889,-53,2,5959.711416,51,9,,
890,-54,2,3330.975477,43,8,,
891,-52,2,3920.229736,46,8,,
892,-54,1,2358.414822,42,7,,
893,-50,3,10575.588598,42,10,,
894,-51,2,2296.688625,40,7,,
895,-55,1,2744.495986,43,7,,
896,-55,3,9278.012096,51,10,,
897,-54,2,5451.622283,43,8,,
898,-55,0,2918.101539,43,6,,
899,-53,1,6489.469103,43,8,,
900,-53,0,2305.414919,41,6,,
901,-53,3,3600.100311,45,8,,
902,-45,1,7809.579154,53,8,,
903,-55,0,2523.2856,42,6,,
904,-55,0,2769.943861,42,6,,
905,-56,0,3497.438375,43,6,,
906,-56,2,10471.87279,53,10,,
907,-50,5,13643.831188,63,13,,
908,-52,3,13272.942252,57,12,,
909,-51,5,10756.619482,51,12,,
910,-55,0,3974.080688,43,6,,
911,-46,2,5574.262847,58,9,,
912,-56,0,2972.469752,44,6,,
913,-54,0,2242.409798,42,6,,
914,-52,1,5046.925492,41,7,,
915,-54,0,2504.088919,42,6,,
916,-48,3,10312.086771,49,10,,
917,-56,3,10247.296837,52,11,,
918,-55,2,10189.408448,56,10,,
919,-58,1,4776.191529,52,8,,
920,-43,2,6848.84082,57,9,,
921,-50,3,11469.097071,60,11,,
922,-53,1,2685.494832,40,6,,
923,-55,0,3391.034498,42,6,,
924,-55,0,2217.458091,43,6,,
925,-50,3,9360.876106,52,10,,
926,-46,4,8133.175931,54,10,,
927,-48,3,9340.797502,62,9,,
928,-54,0,2942.135098,41,6,,
929,-52,1,5061.15537,52,8,,
930,-54,0,2052.625818,42,6,,
931,-55,0,1741.759265,42,6,,
932,-48,4,9404.211366,58,10,,
933,-46,8,21913.725016,49,15,,
934,-57,3,7820.34946,52,10,,
935,-49,3,6566.356985,58,9,,
936,-55,0,2999.028025,42,6,,
937,-59,1,5901.314478,53,8,,
938,-55,0,2516.420697,42,6,,
939,-57,1,5231.55017,49,8,,
940,-51,2,8258.416707,55,10,,
941,-53,4,12296.27266,58,12,,
942,-46,2,8404.892549,59,10,,
943,-53,3,6437.644357,62,9,,
944,-56,1,6436.50354,48,8,,
945,-54,5,15199.611813,64,12,,
946,-57,2,9341.939667,51,10,,
947,-55,0,3050.355027,42,6,,
948,-47,2,8267.998886,59,10,,
949,-55,0,2559.115353,42,6,,
950,-55,0,1822.374775,42,6,,
951,-57,2,6286.291979,51,8,,
952,-54,2,6283.236681,45,9,,
953,-52,1,5600.685858,47,8,,
954,-49,2,6384.339743,50,9,,
955,-46,3,11063.054779,53,10,,
956,-51,2,5292.270912,44,8,,
957,-52,1,2145.758133,39,6,,
958,-55,0,2440.395522,43,6,,
959,-54,0,2926.266796,42,6,,
960,-56,1,4083.204962,47,7,,
961,-58,1,6099.871224,53,8,,
962,-49,1,6151.889596,48,8,,
963,-54,0,1883.940682,40,6,,
964,-47,5,9139.488026,47,12,,
965,-53,0,2324.826204,40,6,,
966,-55,0,3015.833379,43,6,,
967,-50,2,9595.282489,49,10,,
968,-55,0,2276.663106,42,6,,
969,-53,1,2913.551219,45,7,,
970,-57,4,14202.363861,53,12,,
971,-51,5,13162.683235,49,12,,
972,-54,0,2533.380638,42,6,,
973,-45,5,16183.500221,52,13,,
974,-55,0,2113.838783,42,6,,
975,-56,4,13880.784747,52,12,,
976,-56,0,2189.432624,44,6,,
977,-55,0,2873.74427,42,6,,
978,-58,2,6346.028779,53,8,,
979,-51,2,5630.984842,54,8,,
980,-54,3,10166.738521,49,10,,
981,-55,3,2207.356946,46,8,,
982,-54,1,2992.004383,42,7,,
983,-56,2,5371.980527,48,8,,
984,-45,1,6731.038508,53,8,,
985,-51,5,24177.650206,66,14,,
986,-56,1,3383.730405,47,7,,
987,-50,1,6185.047154,50,8,,
988,-52,2,5511.979606,54,9,,
989,-38,5,20758.365353,66,14,,
990,-42,3,13896.138205,62,10,,
991,-55,0,2679.50715,42,6,,
992,-49,1,6987.441356,55,8,,
993,-55,0,2345.499565,43,6,,
994,-48,4,7946.572364,44,11,,
995,-49,1,5708.146154,48,8,,
996,-58,4,7327.163426,55,10,,
997,-53,1,5428.961678,48,8,,
998,-44,2,8311.053084,68,10,,
999,-55,0,2837.966785,42,6,,
1000,-55,0,3317.988068,43,6,,
1001,-54,0,2982.364099,42,6,,
1002,-58,1,4654.511366,51,7,,
1003,-46,6,14380.177778,51,13,,
1004,-57,4,6288.896867,61,11,,
1005,-52,2,2223.121145,43,7,,
1006,-55,0,2450.450589,42,6,,
1007,-55,0,2412.620959,42,6,,
1008,-48,5,6887.527405,54,9,,
1009,-55,0,2742.151569,42,6,,
1010,-59,9,24307.174122,66,18,,
1011,-52,3,8990.891029,50,10,,
1012,-50,6,13420.33085,70,12,,
1013,-56,1,7060.583843,47,8,,
1014,-53,1,2752.462061,41,7,,
1015,-53,1,2549.004365,39,6,,
1016,-56,5,14257.569042,55,14,,
1017,-51,3,10277.444357,45,11,,
1018,-47,1,7759.74495,45,8,,
1019,-54,0,2360.718948,40,6,,
1020,-49,2,7938.687048,58,9,,
1021,-51,2,11141.920172,51,10,,
1022,-54,0,2456.072626,42,6,,
1023,-55,0,2035.619037,42,6,,
1024,-43,3,12229.229614,48,11,,
1025,-58,2,4453.945322,53,8,,
1026,-55,0,1900.038636,43,6,,
1027,-57,1,3795.350548,49,7,,
1028,-51,8,24632.48404,59,16,,
1029,-54,1,4663.83317,50,8,,
1030,-55,0,2263.485702,42,6,,
1031,-58,1,2724.15719,50,7,,
1032,-52,2,6636.390588,43,9,,
1033,-50,1,2901.651225,42,7,,
1034,-54,0,2095.302976,41,6,,
1035,-54,0,3646.671024,41,6,,
1036,-54,0,2778.8216,41,6,,
1037,-54,0,3143.734255,42,6,,
1038,-44,4,16584.245088,60,12,,
1039,-55,0,2525.594908,42,6,,
1040,-55,0,2653.322722,42,6,,
1041,-55,1,3380.772155,44,7,,
1042,-52,1,3799.064221,41,7,,
1043,-55,1,5930.990485,47,8,,
1044,-43,3,11554.914603,52,10,,
1045,-50,1,4592.155475,46,7,,
1046,-54,0,3631.202803,42,6,,
1047,-57,1,3563.638757,49,7,,
1048,-55,0,2528.954042,42,6,,
1049,-55,0,2989.921475,43,6,,
1050,-54,4,10035.781714,65,11,,
1051,-52,1,6368.931826,47,8,,
1052,-49,1,6059.051332,55,8,,
1053,-55,1,6685.476274,46,8,,
1054,-50,6,17758.969004,50,14,,
1055,-54,0,2618.497496,41,6,,
1056,-57,1,6100.163345,49,8,,
1057,-53,4,9138.343161,52,11,,
1058,-48,1,4717.392904,48,8,,
1059,-55,1,2781.190704,46,7,,
1060,-50,4,15228.850814,46,13,,
1061,-55,4,9464.56995,58,11,,
1062,-49,4,13542.84259,55,12,,
1063,-55,0,3692.050848,42,6,,
1064,-51,2,12753.331112,57,10,,
1065,-50,2,6177.185932,39,8,,
1066,-53,4,19171.184349,71,14,,
1067,-39,4,17296.841621,55,12,,
1068,-54,1,4131.926052,50,7,,
1069,-55,0,1975.568393,42,6,,
1070,-44,4,15114.273847,71,13,,
1071,-56,0,3161.370313,43,6,,
1072,-53,0,2030.729912,40,6,,
1073,-60,3,11134.254636,59,10,,
1074,-54,1,2304.036632,40,6,,
1075,-57,1,2810.684073,49,7,,
1076,-59,2,7968.290026,56,9,,
1077,-50,0,240.650925,65,18,,
1078,-56,1,3396.493576,49,7,,
1079,-54,8,13492.277339,53,14,,
1080,-56,4,14278.778529,56,12,,
1081,-55,0,3391.328046,42,6,,
1082,-54,0,2771.57074,42,6,,
1083,-55,0,3025.332752,42,6,,
1084,-54,0,2617.79637,41,6,,
1085,-55,0,3001.440165,43,6,,
1086,-46,4,13110.033021,54,11,,
1087,-45,3,10146.351977,54,11,,
1088,-55,1,3289.477795,44,7,,
1089,-53,2,7481.860909,42,8,,
1090,-54,3,8072.639761,47,9,,
1091,-52,1,6204.486535,47,8,,
1092,-49,2,2993.177884,43,7,,
1093,-55,0,2481.025693,42,6,,
1094,-54,0,2658.133042,41,6,,
1095,-52,1,4995.028645,41,7,,
1096,-56,1,3401.194115,51,7,,
1097,-54,1,5573.897023,44,8,,
1098,-51,2,6699.377211,44,9,,
1099,-48,2,7242.049525,43,9,,
1100,-55,4,8482.901763,52,10,,
1101,-52,3,9237.942031,47,10,,
1102,-57,2,8173.078855,51,9,,
1103,-50,2,11017.87577,65,10,,
1104,-51,2,3970.921634,52,8,,
1105,-55,0,2769.861765,42,6,,
1106,-56,3,7464.90622,59,10,,
1107,-44,2,9071.331924,49,9,,
1108,-53,1,3051.399386,45,7,,
1109,-49,4,14576.856393,56,13,,
1110,-46,1,8789.340306,53,8,,
1111,-53,5,18433.379465,54,13,,
1112,-43,4,14105.395684,46,12,,
1113,-58,2,9916.869216,53,9,,
1114,-56,2,6668.711981,49,9,,
1115,-54,2,6527.278425,44,8,,
1116,-54,0,2431.417671,42,6,,
1117,-55,2,4418.048511,47,8,,
1118,-56,3,11355.804433,55,10,,
1119,-56,5,15089.994966,70,12,,
1120,-54,0,3374.058403,42,6,,
1121,-48,1,5464.484396,46,8,,
1122,-54,0,2789.256548,42,6,,
1123,-56,1,5143.579593,48,8,,
1124,-52,2,10320.822513,41,9,,
1125,-54,2,6117.336823,44,8,,
1126,-49,4,9424.978638,50,11,,
1127,-48,1,6590.551303,48,8,,
1128,-48,1,7153.187688,55,8,,
1129,-59,4,6192.308515,58,10,,
1130,-52,2,7892.40249,42,8,,
1131,-54,4,15355.24026,64,12,,
1132,-54,1,4920.637475,42,7,,
1133,-37,4,21177.813511,59,13,,
1134,-53,2,7156.247448,46,9,,
1135,-55,0,3596.562911,42,6,,
1136,-46,5,10898.108536,46,12,,
1137,-54,0,2609.799816,41,6,,
1138,-52,1,6977.213233,46,8,,
1139,-54,0,3383.724035,42,6,,
1140,-46,7,24214.056805,56,15,,
1141,-52,9,29156.241187,66,19,,
1142,-54,5,18476.727116,50,13,,
1143,-54,0,3449.735467,42,6,,
1144,-54,0,2542.729661,41,6,,
1145,-51,3,5734.860491,50,9,,
1146,-53,4,10718.120167,50,11,,
1147,-54,3,7136.514108,54,10,,
1148,-39,3,13068.13094,54,10,,
1149,-51,4,16594.684909,54,13,,
1150,-53,6,18202.141936,68,15,,
1151,-54,1,2455.185917,47,7,,
1152,-54,0,3267.13451,42,6,,
1153,-46,5,19078.262845,79,14,,
1154,-48,3,12979.671435,49,10,,
1155,-53,1,3178.82195,41,6,,
1156,-50,5,12999.764194,63,12,,
1157,-50,2,6941.539218,58,9,,
1158,-54,0,3461.236082,42,6,,
1159,-56,0,2541.443296,44,6,,
1160,-54,1,4704.27073,46,8,,
1161,-54,0,2914.436027,42,6,,
1162,-49,3,12726.359157,56,11,,
1163,-51,5,16595.391365,47,13,,
1164,-41,6,23981.570701,55,16,,
1165,-57,2,5714.481422,49,8,,
1166,-54,3,9245.355156,57,11,,
1167,-52,4,17634.039198,48,13,,
1168,-49,1,6223.518765,55,8,,
1169,-48,7,18074.61212,46,15,,
1170,-54,1,6371.025134,45,8,,
1171,-47,3,12168.09252,57,10,,
1172,-43,2,11185.591909,58,10,,
1173,-55,0,2682.44594,42,6,,
1174,-49,3,2419.358496,42,8,,
1175,-54,0,4407.503971,40,6,,
1176,-56,5,14965.429029,56,12,,
1177,-47,1,4774.584312,47,8,,
1178,-54,2,8452.266597,46,9,,
1179,-53,3,8116.987465,48,10,,
1180,-49,3,15589.049628,65,12,,
1181,-57,2,12742.115854,52,9,,
1182,-56,1,8044.296815,48,8,,
1183,-50,3,8875.135007,44,10,,
1184,-53,2,6725.865033,52,9,,
1185,-47,1,6450.677388,53,8,,
1186,-54,2,7150.386757,60,9,,
1187,-55,0,2904.772863,42,6,,
1188,-55,2,3587.125141,47,7,,
1189,-37,5,16954.294551,61,14,,
1190,-54,1,4292.37233,49,7,,
1191,-41,4,12456.989692,68,11,,
1192,-57,1,5004.742968,51,8,,
1193,-50,3,7675.409429,52,10,,
1194,-57,2,3242.803632,49,7,,
1195,-52,4,18830.857926,52,13,,
1196,-52,1,6136.128794,51,8,,
1197,-52,6,23610.361093,63,16,,
1198,-55,0,2910.916202,42,6,,
1199,-56,1,3104.682117,48,7,,
1200,-57,1,7703.452316,49,8,,
1201,-54,0,3675.099633,42,6,,
1202,-47,10,27141.330865,73,19,,
1203,-50,4,13347.059121,60,11,,
1204,-49,1,4185.708413,46,7,,
1205,-44,3,13110.869407,61,11,,
1206,-44,3,11858.425613,55,10,,
1207,-49,4,19757.446134,51,13,,
1208,-55,3,11775.953749,58,10,,
1209,-56,2,7075.953748,47,8,,
1210,-51,6,18443.312715,66,13,,
1211,-56,1,2461.058601,46,7,,
1212,-39,3,14338.600356,59,11,,
1213,-51,3,13933.991365,51,11,,
1214,-45,4,14848.605694,53,12,,
1215,-58,1,5156.611486,53,8,,
1216,-54,1,3222.986439,50,7,,
1217,-55,0,3038.05266,42,6,,
1218,-32,10,35245.16638,80,21,,
1219,-49,2,8385.425255,47,9,,
1220,-49,5,18986.897734,62,14,,
1221,-54,2,8141.836664,45,8,,
1222,-55,0,2839.495304,42,6,,
1223,-55,0,2312.457705,42,6,,
1224,-55,1,5665.836633,48,8,,
1225,-45,2,11378.700515,62,10,,
1226,-44,3,8633.691216,50,10,,
1227,-52,2,9043.300246,65,9,,
1228,-33,7,19310.236083,69,15,,
1229,-55,0,2380.005296,42,6,,
1230,-55,0,2649.29232,43,6,,
1231,-53,4,11309.989406,57,11,,
1232,-54,1,3119.730941,42,6,,
1233,-54,0,2172.877641,42,6,,
1234,-49,5,21386.696643,66,14,,
1235,-38,7,24213.720572,67,16,,
1236,-55,1,3582.161794,50,7,,
1237,-53,2,10895.216355,47,10,,
1238,-53,1,5569.654123,47,8,,
1239,-55,1,3484.801562,42,6,,
1240,-55,0,1997.826238,42,6,,
1241,-51,3,11464.477195,66,11,,
1242,-56,1,2914.108722,46,7,,
1243,-45,3,16189.399785,70,11,,
1244,-52,4,5193.486084,44,9,,
1245,-47,6,32270.369967,71,17,,
1246,-54,1,9666.081301,44,8,,
1247,-50,2,5154.667913,53,8,,
1248,-57,2,9515.055361,51,9,,
1249,-54,2,5377.232904,49,8,,
1250,-46,2,4263.360499,48,8,,
1251,-55,0,2986.829462,42,6,,
1252,-51,1,7365.143445,57,9,,
1253,-57,2,9480.73934,51,10,,
1254,-51,1,5335.724719,52,8,,
1255,-52,5,10964.858402,53,12,,
1256,-56,1,7367.415739,49,8,,
1257,-48,6,29510.369169,67,16,,
1258,-54,0,2568.166768,41,6,,
1259,-54,1,3995.925227,47,7,,
1260,-43,8,21496.448971,75,16,,
1261,-56,9,27495.115725,55,18,,
1262,-38,5,16549.343403,65,12,,
1263,-52,1,6825.367045,46,8,,
1264,-54,4,11806.081334,55,12,,
1265,-52,2,6073.119942,40,8,,
1266,-35,6,20002.018451,94,16,,
1267,-57,1,5170.338453,50,8,,
1268,-53,4,10563.731022,48,11,,
1269,-53,1,4059.866713,42,7,,
1270,-43,3,9561.012151,49,9,,
1271,-55,0,3413.137168,42,6,,
1272,-54,1,4398.350895,44,7,,
1273,-33,8,24504.12563,66,18,,
1274,-52,9,20138.029764,56,15,,
1275,-58,0,3574.691754,51,7,,
1276,-48,3,7554.164372,55,10,,
1277,-45,2,7390.945546,57,9,,
1278,-48,4,23867.159668,61,14,,
1279,-39,3,12223.131619,58,10,,
1280,-56,4,18716.128261,55,13,,
1281,-50,3,12399.714487,42,11,,
1282,-55,0,3293.319132,42,6,,
1283,-53,9,29410.159054,74,19,,
1284,-54,0,3516.062658,42,6,,
1285,-55,0,2303.786409,42,6,,
1286,-47,1,6406.230807,53,8,,
1287,-50,1,7267.721312,44,8,,
1288,-56,5,16643.974419,51,12,,
1289,-57,1,5085.764973,50,8,,
1290,-54,0,2631.968358,41,6,,
1291,-58,1,4032.262591,50,7,,
1292,-59,1,8714.202734,55,9,,
1293,-54,0,2306.051646,42,6,,
1294,-58,1,6768.636647,52,8,,
1295,-54,1,2422.056284,40,6,,
1296,-52,1,8096.778375,42,8,,
1297,-57,0,2445.727339,50,7,,
1298,-54,0,3272.115263,41,6,,
1299,-55,2,3348.488491,49,8,,
1300,-52,5,14152.158506,51,13,,
1301,-49,1,4793.904058,47,8,,
1302,-54,0,3066.06223,41,6,,
1303,-54,0,3734.577738,41,6,,
1304,-54,0,4307.945298,42,6,,
1305,-54,0,3477.139334,41,6,,
1306,-50,4,12111.39713,59,11,,
1307,-55,3,5569.474779,48,9,,
1308,-54,0,3874.438535,42,6,,
1309,-31,7,21934.587827,73,15,,
1310,-52,1,8291.634528,43,8,,
1311,-53,4,12939.479517,63,12,,
1312,-49,2,6598.484386,46,8,,
1313,-58,6,18793.187195,60,13,,
1314,-54,0,2633.251173,41,6,,
1315,-53,1,2652.882594,48,7,,
1316,-47,3,9372.68744,50,10,,
1317,-56,1,7475.503257,48,8,,
1318,-49,4,11931.023132,44,11,,
1319,-46,5,14646.037514,54,14,,
1320,-57,1,2628.476999,49,7,,
1321,-54,0,2921.892101,41,6,,
1322,-45,3,8738.351567,48,10,,
1323,-55,4,7869.95069,49,9,,
1324,-47,2,4955.92785,47,8,,
1325,-41,4,11868.409785,70,12,,
1326,-58,0,4200.629937,50,7,,
1327,-57,3,9767.562233,59,11,,
1328,-47,1,7811.365488,47,8,,
1329,-54,0,3112.215156,41,6,,
1330,-54,0,3703.545692,41,6,,
1331,-49,7,33126.773152,55,17,,
1332,-58,0,3157.7345,51,7,,
1333,-56,0,4027.355332,47,7,,
1334,-54,0,2401.663582,42,6,,
1335,-59,1,5464.261994,53,8,,
1336,-42,2,12805.911424,56,10,,
1337,-54,2,9166.819008,48,9,,
1338,-51,3,7503.239961,55,10,,
1339,-46,5,19590.230072,79,14,,
1340,-55,2,4815.258941,49,8,,
1341,-55,1,6966.651869,45,8,,
1342,-50,2,8296.348819,56,9,,
1343,-58,1,5203.290372,52,8,,
1344,-44,11,50569.440613,86,25,,
1345,-55,0,2523.30987,42,6,,
1346,-58,0,2660.368851,50,7,,
1347,-54,3,11670.86975,61,10,,
1348,-59,3,12192.663472,57,10,,
1349,-53,1,6259.017909,48,8,,
1350,-54,0,4304.25455,41,6,,
1351,-53,5,14750.746069,49,12,,
1352,-41,7,22100.220945,48,15,,
1353,-48,6,20580.132627,52,15,,
1354,-59,5,15308.295977,59,13,,
1355,-52,3,15764.032068,69,12,,
1356,-54,6,14655.894972,63,14,,
1357,-43,2,9943.623571,48,9,,
1358,-55,0,4147.213996,42,6,,
1359,-57,2,9444.699518,51,10,,
1360,-57,5,12567.623129,63,12,,
1361,-59,0,4831.527527,51,7,,
1362,-48,10,35277.713572,67,22,,
1363,-52,3,17016.054698,70,12,,
1364,-49,3,16081.252086,75,12,,
1365,-56,1,4027.589571,47,7,,
1366,-52,1,3064.160623,41,7,,
1367,-51,1,2781.13003,43,7,,
1368,-54,0,3251.924794,41,6,,
1369,-48,1,6687.891355,45,7,,
1370,-50,2,8489.736892,55,9,,
1371,-48,3,17094.833463,58,12,,
1372,-49,2,7543.700201,50,9,,
1373,-57,1,4022.349199,51,8,,
1374,-54,0,2925.39368,41,6,,
1375,-55,4,14501.840087,60,12,,
1376,-54,0,3887.548494,41,6,,
1377,-52,1,3748.19317,41,7,,
1378,-54,0,2745.132995,41,6,,
1379,-50,3,9941.347085,51,10,,
1380,-43,3,14826.198841,54,11,,
1381,-44,3,12932.559498,42,10,,
1382,-54,9,33614.731509,78,19,,
1383,-54,0,3488.389042,40,6,,
1384,-32,5,24061.739431,79,15,,
1385,-45,2,8692.361917,50,9,,
1386,-54,0,2444.031492,40,6,,
1387,-48,3,8944.040314,54,11,,
1388,-40,5,13114.439951,61,11,,
1389,-52,2,9137.047414,45,9,,
1390,-54,0,4170.705067,42,6,,
1391,-41,10,37008.872256,72,21,,
1392,-59,4,12744.240285,63,12,,
1393,-47,2,5257.8512,58,9,,
1394,-45,5,17532.985747,65,14,,
1395,-54,0,3249.469708,40,6,,
1396,-57,0,4014.550294,50,7,,
1397,-52,2,5436.367046,45,8,,
1398,-54,2,4068.557342,50,8,,
1399,-48,2,13082.176195,52,10,,
1400,-46,3,8431.687867,52,9,,
1401,-55,0,3402.246862,42,6,,
1402,-37,7,32735.381311,58,18,,
1403,-53,0,2839.23629,39,6,,
1404,-51,3,15518.468375,51,10,,
1405,-54,0,3767.809375,41,6,,
1406,-54,0,2542.252474,41,6,,
1407,-54,0,3846.037637,41,6,,
1408,-43,4,15362.737898,55,12,,
1409,-55,3,10893.298803,49,10,,
1410,-54,8,23726.64783,66,17,,
1411,-48,4,6726.892802,44,10,,
1412,-36,12,48745.983146,86,27,,
1413,-46,5,11877.442811,61,13,,
1414,-54,0,2813.184669,41,6,,
1415,-58,4,15983.980146,55,12,,
1416,-55,0,3758.388725,42,6,,
1417,-46,1,8193.992292,52,8,,
1418,-52,2,11121.907009,45,10,,
1419,-54,0,3954.26144,41,6,,
1420,-54,0,2437.804651,42,6,,
1421,-48,1,8107.04592,46,8,,
1422,-44,6,17312.684109,48,13,,
1423,-47,2,10612.551026,43,9,,
1424,-43,4,14137.874603,54,11,,
1425,-47,2,9591.202911,43,9,,
1426,-53,1,4867.883395,48,8,,
1427,-48,2,4885.439337,43,8,,
1428,-53,5,30451.840123,55,14,,
1429,-54,0,3959.454555,44,7,,
1430,-54,0,2667.513737,42,6,,
1431,-58,5,20430.492873,59,14,,
1432,-54,1,5240.58981,49,8,,
1433,-57,5,13950.005165,68,13,,
1434,-57,0,3381.581341,51,7,,
1435,-41,4,19573.459941,50,12,,
1436,-47,2,8525.413274,45,9,,
1437,-54,2,3180.4556,44,7,,
1438,-55,2,3617.824331,46,8,,
1439,-53,4,18866.616025,48,13,,
1440,-54,1,4207.809403,41,6,,
1441,-57,1,7900.368487,49,8,,
1442,-53,3,12073.492917,61,11,,
1443,-56,1,5120.836681,48,7,,
1444,-45,2,10252.212305,66,10,,
1445,-55,6,14750.14021,57,13,,
1446,-41,4,24961.758422,83,14,,
1447,-53,7,27815.429585,58,18,,
1448,-48,2,5944.215732,48,9,,
1449,-53,2,6303.829831,48,8,,
1450,-48,5,23208.430977,61,15,,
1451,-52,2,11785.296377,59,10,,
1452,-47,3,15813.901025,71,13,,
1453,-45,4,16990.813914,62,12,,
1454,-49,3,12767.720063,46,10,,
1455,-54,1,4133.142005,44,7,,
1456,-51,4,11969.864663,57,12,,
1457,-56,0,2607.105016,49,7,,
1458,-56,1,4081.178705,49,7,,
1459,-45,3,12600.695559,55,11,,
1460,-55,1,4174.845708,52,8,,
1461,-53,2,8542.666857,52,9,,
1462,-57,4,9909.774546,58,11,,
1463,-54,0,2976.440931,41,6,,
1464,-57,1,3516.153855,49,7,,
1465,-55,2,3572.42576,45,7,,
1466,-44,1,9337.80852,51,8,,
1467,-52,1,6490.28313,57,9,,
1468,-59,1,4821.457279,56,8,,
1469,-49,2,8094.208806,62,9,,
1470,-52,4,12667.401947,54,11,,
1471,-50,4,9813.304542,58,11,,
1472,-56,1,8779.704206,48,8,,
1473,-57,0,3422.957161,49,7,,
1474,-57,2,10068.57059,52,9,,
1475,-58,3,15170.503916,55,11,,
1476,-56,4,21032.698124,59,13,,
1477,-43,8,28799.08371,53,17,,
1478,-52,5,14511.982329,59,13,,
1479,-44,2,11417.736812,66,10,,
1480,-49,7,32688.575578,66,17,,
1481,-57,0,3459.397839,48,7,,
1482,-57,0,5102.577689,50,7,,
1483,-60,2,9097.778881,58,9,,
1484,-44,10,17322.947882,50,14,,
1485,-54,0,4307.142064,42,6,,
1486,-53,0,3164.725909,40,6,,
1487,-35,8,32868.056202,63,19,,
1488,-47,3,13308.822902,46,10,,
1489,-49,4,7852.10275,55,10,,
1490,-53,3,11039.340408,46,9,,
1491,-53,0,2870.414669,40,6,,
1492,-52,2,7541.827843,51,9,,
1493,-54,0,2730.037179,41,6,,
1494,-47,3,13852.460574,45,10,,
1495,-57,0,2923.367204,48,7,,
1496,-52,1,7580.211966,43,8,,
1497,-47,1,7588.773169,52,8,,
1498,-51,1,3500.915756,47,7,,
1499,-53,4,17937.668258,61,13,,
1500,-40,7,30444.851787,58,17,,
1501,-49,4,10583.222076,45,11,,
1502,-56,0,3901.179822,48,7,,
1503,-57,0,5489.458324,50,7,,
1504,-52,3,7107.869422,47,9,,
1505,-54,2,6230.992228,44,8,,
1506,-56,1,5622.589397,48,7,,
1507,-53,3,10209.391023,50,10,,
1508,-57,0,2935.698396,49,7,,
1509,-55,1,5746.106592,48,8,,
1510,-55,6,16234.657141,53,12,,
1511,-50,1,4171.079749,44,7,,
1512,-46,3,13955.218037,62,11,,
1513,-44,5,21673.179841,67,15,,
1514,-47,2,7397.072555,43,9,,
1515,-46,2,10909.724632,56,10,,
1516,-48,2,7581.789718,57,9,,
1517,-57,0,3717.359033,49,7,,
1518,-48,2,9705.779745,52,9,,
1519,-54,0,3763.258468,41,6,,
1520,-49,1,6774.352145,45,8,,
1521,-57,0,4850.008873,50,7,,
1522,-55,1,5363.149279,46,7,,
1523,-56,6,20445.842562,73,14,,
1524,-51,5,23399.259518,68,15,,
1525,-56,0,4300.558572,47,7,,
1526,-53,0,3447.856609,40,6,,
1527,-50,1,4858.154557,55,8,,
1528,-42,10,31936.491354,89,21,,
1529,-54,1,4363.242001,40,6,,
1530,-54,8,22859.021579,57,16,,
1531,-52,2,5684.890946,55,9,,
1532,-51,1,4532.758745,43,7,,
1533,-54,0,3932.11698,41,6,,
1534,-49,1,7448.257454,47,8,,
1535,-56,4,26307.443604,60,14,,
1536,-50,7,19157.5443,55,14,,
1537,-57,7,30789.997302,61,18,,
1538,-45,2,5056.394093,48,8,,
1539,-48,3,11462.104654,49,11,,
1540,-55,1,4607.243443,46,7,,
1541,-51,3,19274.386324,53,12,,
1542,-52,1,8665.941281,51,9,,
1543,-54,0,3067.082386,41,6,,
1544,-43,5,19272.856408,50,13,,
1545,-48,3,16522.826341,68,11,,
1546,-58,0,3400.859666,50,7,,
1547,-59,4,12245.294992,62,12,,
1548,-54,3,10720.131953,59,10,,
1549,-50,2,9621.740517,56,9,,
1550,-43,6,20153.705177,51,14,,
1551,-56,1,6102.689015,48,8,,
1552,-42,3,15377.448855,60,12,,
1553,-53,0,2726.296813,40,6,,
1554,-52,3,13401.129605,48,11,,
1555,-54,3,4600.302644,47,8,,
1556,-51,8,17574.549693,60,14,,
1557,-51,3,9115.720576,50,10,,
1558,-52,2,3624.692071,42,7,,
1559,-54,2,7385.127355,44,8,,
1560,-51,15,69227.736525,84,33,,
1561,-44,4,14038.571602,44,11,,
1562,-43,3,15248.444659,62,11,,
1563,-55,2,4141.054392,45,7,,
1564,-55,0,3681.020033,43,6,,
1565,-57,1,4852.894653,50,8,,
1566,-52,3,9071.409262,54,10,,
1567,-54,10,30761.144025,55,19,,
1568,-54,0,5100.025656,41,6,,
1569,-49,4,13207.742742,71,13,,
1570,-54,4,7484.487678,50,9,,
1571,-56,0,5004.676338,47,7,,
1572,-53,4,11192.667801,49,10,,
1573,-51,2,15845.375618,47,10,,
1574,-50,3,11685.860945,49,11,,
1575,-56,0,3621.539377,49,7,,
1576,-54,0,3301.724684,41,6,,
1577,-52,1,4098.993249,41,7,,
1578,-51,5,17689.565954,45,13,,
1579,-51,2,7369.385715,55,9,,
1580,-52,10,43443.783899,71,23,,
1581,-55,2,9071.92025,56,10,,
1582,-57,1,3325.61265,49,7,,
1583,-47,3,19824.042676,44,11,,
1584,-54,0,3805.432491,41,6,,
1585,-43,2,10862.714288,60,10,,
1586,-49,5,9204.205321,53,10,,
1587,-53,1,6257.499478,46,8,,
1588,-32,11,38146.156026,90,20,,
1589,-56,9,24321.866982,58,18,,
1590,-46,4,11302.434666,48,9,,
1591,-54,3,14639.217951,64,12,,
1592,-50,1,4379.161471,42,7,,
1593,-53,0,3671.402506,41,6,,
1594,-47,4,14459.464606,48,11,,
1595,-39,5,14291.068675,63,12,,
1596,-59,3,15229.488474,58,11,,
1597,-57,0,2702.671323,49,7,,
1598,-58,1,8405.817739,54,8,,
1599,-49,2,9054.119709,42,8,,
1600,-52,5,15055.184935,50,12,,
1601,-51,3,7443.110214,51,9,,
1602,-50,2,11173.074343,53,10,,
1603,-59,3,8670.802248,59,10,,
1604,-56,3,16545.086218,55,11,,
1605,-57,1,8344.36716,49,8,,
1606,-51,2,5919.632074,42,8,,
1607,-52,3,10525.005618,51,10,,
1608,-51,4,18152.04036,56,12,,
1609,-51,1,6046.569158,45,8,,
1610,-59,2,7766.726067,56,9,,
1611,-56,0,3061.789282,49,7,,
1612,-47,8,25482.864079,59,17,,
1613,-59,1,3675.816272,55,8,,
1614,-48,1,8238.455446,53,8,,
1615,-51,1,8064.80037,44,8,,
1616,-55,3,18158.517198,49,12,,
1617,-57,0,3093.86976,49,7,,
1618,-56,3,15402.083495,52,11,,
1619,-52,2,7501.746433,43,9,,
1620,-43,5,30198.054607,53,14,,
1621,-51,1,6947.188568,46,8,,
1622,-57,4,6966.994627,57,9,,
1623,-55,1,3359.885673,46,7,,
1624,-51,2,4766.450647,46,8,,
1625,-54,0,3313.250314,41,6,,
1626,-54,0,3660.673675,42,6,,
1627,-54,0,3090.503539,42,6,,
1628,-52,5,19298.203914,61,14,,
1629,-51,2,8765.526566,53,10,,
1630,-55,2,4531.112507,50,8,,
1631,-53,0,3549.40787,40,6,,
1632,-48,1,5386.869439,45,8,,
1633,-45,2,13010.786486,52,10,,
1634,-54,2,8880.145672,45,9,,
1635,-49,4,15870.501248,64,13,,
1636,-55,1,3905.344493,53,8,,
1637,-51,4,21371.59338,64,14,,
1638,-54,3,21475.377936,58,13,,
1639,-47,3,15604.593141,52,12,,
1640,-54,0,4120.620061,41,6,,
1641,-56,3,8901.6508,48,8,,
1642,-52,1,3811.969241,53,8,,
1643,-34,6,17375.897535,78,13,,
1644,-40,4,16175.634666,73,14,,
1645,-54,1,10220.326549,48,9,,
1646,-49,2,11899.299398,55,10,,
1647,-49,5,26791.516971,74,15,,
1648,-57,0,3916.545388,50,7,,
1649,-52,3,13518.478285,53,11,,
1650,-54,2,7457.633791,52,9,,
1651,-49,3,13021.118064,59,10,,
1652,-52,1,4031.880365,46,7,,
1653,-58,0,4681.960818,51,7,,
1654,-54,0,3191.399612,41,6,,
1655,-56,4,8733.807212,63,11,,
1656,-56,0,3605.330039,48,7,,
1657,-51,1,7648.899009,44,8,,
1658,-52,4,14314.495008,58,12,,
1659,-51,1,4189.201413,42,7,,
1660,-52,1,9588.226588,42,8,,
1661,-56,0,4388.76556,48,7,,
1662,-45,7,36573.34808,63,19,,
1663,-57,0,3226.054535,49,7,,
1664,-45,1,10631.312515,51,8,,
1665,-49,2,16083.504733,48,10,,
1666,-46,4,12818.576657,52,11,,
1667,-43,8,30633.422099,82,17,,
1668,-29,11,38162.694008,90,21,,
1669,-54,0,3954.271638,42,6,,
1670,-58,2,4515.585354,53,8,,
1671,-61,7,21655.377321,63,16,,
1672,-54,3,7012.813987,57,10,,
1673,-39,6,19818.88262,72,15,,
1674,-52,3,8229.826858,63,9,,
1675,-49,2,11963.368681,45,10,,
1676,-53,1,7385.441984,43,8,,
1677,-42,3,13984.179114,52,10,,
1678,-48,3,18668.185912,50,12,,
1679,-46,3,20463.998195,54,12,,
1680,-50,7,27980.491646,55,17,,
1681,-48,4,6771.045398,46,10,,
1682,-53,0,3425.935575,40,6,,
1683,-53,3,12507.614253,58,11,,
1684,-53,1,7316.782261,44,8,,
1685,-45,2,8542.528318,56,9,,
1686,-56,1,3806.188915,47,7,,
1687,-37,7,26370.987505,86,18,,
1688,-30,8,30373.166497,113,18,,
1689,-48,5,21906.089198,62,15,,
1690,-49,6,31346.778835,65,17,,
1691,-43,3,19464.659627,47,11,,
1692,-56,0,3492.722367,49,7,,
1693,-54,0,4777.115986,41,6,,
1694,-52,2,7089.519374,42,8,,
1695,-56,0,4116.263435,48,7,,
1696,-53,2,6191.917209,49,9,,
1697,-53,4,13791.522699,52,11,,
1698,-26,5,25218.119138,95,16,,
1699,-36,12,49948.06786,68,25,,
1700,-55,1,5011.719534,48,8,,
1701,-54,3,12533.512717,60,11,,
1702,-51,1,7264.560621,54,9,,
1703,-56,0,3040.94836,47,7,,
1704,-56,3,11563.640318,52,11,,
1705,-55,1,3613.485003,47,7,,
1706,-52,2,7727.822308,49,9,,
1707,-55,2,3430.044126,48,8,,
1708,-58,5,22210.906807,59,15,,
1709,-42,6,19135.109363,50,14,,
1710,-40,6,28165.036551,66,16,,
1711,-51,4,14761.286948,53,12,,
1712,-57,0,4932.192308,49,7,,
1713,-55,1,3549.072724,45,7,,
1714,-50,8,16245.597332,57,15,,
1715,-56,0,3390.007515,48,7,,
1716,-51,8,26908.445575,52,17,,
1717,-60,6,27917.988983,63,16,,
1718,-53,9,26898.707962,58,18,,
1719,-46,8,31336.450849,71,19,,
1720,-56,0,4317.684466,48,7,,
1721,-56,1,7616.368086,47,8,,
1722,-57,2,7724.256108,54,9,,
1723,-44,3,13396.755691,55,11,,
1724,-46,8,26169.313422,62,17,,
1725,-57,3,22326.855771,65,13,,
1726,-40,6,12911.166954,54,13,,
1727,-47,4,10895.084149,46,11,,
1728,-40,10,28579.374344,47,17,,
1729,-46,7,26761.971196,53,17,,
1730,-56,0,5516.806149,49,7,,
1731,-52,3,14021.471999,51,11,,
1732,-45,6,17854.731805,72,13,,
1733,-40,4,16154.10065,73,12,,
1734,-49,1,11931.069987,62,9,,
1735,-50,5,22510.717792,55,14,,
1736,-54,0,3924.775854,44,7,,
1737,-54,2,4795.126965,49,9,,
1738,-47,1,9903.339638,59,9,,
1739,-55,0,5106.779333,45,7,,
1740,-47,3,12966.440456,57,11,,
1741,-58,1,5972.37691,55,8,,
1742,-50,3,11934.978935,56,12,,
1743,-49,7,32460.847386,61,17,,
1744,-56,0,4025.162453,47,7,,
1745,-56,0,4792.478214,48,7,,
1746,-57,4,15151.990583,56,13,,
1747,-55,0,3804.337469,46,7,,
1748,-58,2,16013.403149,56,10,,
1749,-57,0,4677.78597,49,7,,
1750,-46,6,16277.749523,55,13,,
1751,-47,3,17865.261621,49,11,,
1752,-49,2,11053.31783,51,10,,
1753,-57,0,5186.460741,50,7,,
1754,-55,1,4765.07566,47,7,,
1755,-53,5,20643.123434,50,14,,
1756,-45,11,24983.757316,55,17,,
1757,-58,3,12361.881121,58,11,,
1758,-51,5,16145.19763,57,14,,
1759,-52,1,5692.890093,49,8,,
1760,-56,0,5648.893544,46,7,,
1761,-31,9,43430.100239,46,17,,
1762,-51,1,7471.398222,45,8,,
1763,-47,6,17780.594138,57,15,,
1764,-41,6,22177.747722,59,14,,
1765,-57,3,17690.403611,59,14,,
1766,-50,1,6780.479126,54,9,,
1767,-57,1,8741.244284,52,9,,
1768,-57,0,4630.939945,48,7,,
1769,-56,0,3715.981377,47,7,,
1770,-49,1,8479.928076,48,8,,
1771,-41,6,18514.28896,60,13,,
1772,-57,3,8137.653006,52,9,,
1773,-50,1,7903.801817,50,9,,
1774,-45,15,62115.072271,74,30,,
1775,-56,0,5479.057179,48,7,,
1776,-49,7,18660.177762,56,14,,
1777,-26,10,41853.258018,94,22,,
1778,-30,7,32451.890392,102,20,,
1779,-56,0,3529.165373,48,7,,
1780,-52,1,5784.681697,54,8,,
1781,-57,0,4061.729154,49,7,,
1782,-56,0,4350.997089,47,7,,
1783,-52,2,3089.783585,46,7,,
1784,-57,0,3619.738046,52,8,,
1785,-33,10,48032.583537,84,23,,
1786,-50,2,9084.464484,53,9,,
1787,-53,7,18988.610149,50,14,,
1788,-49,5,25302.978178,69,16,,
1789,-54,3,14068.718751,59,11,,
1790,-44,2,15802.255533,63,11,,
1791,-55,0,4959.958696,46,7,,
1792,-55,2,11539.784395,51,10,,
1793,-53,1,4216.679281,39,6,,
1794,-56,0,5164.831496,48,7,,
1795,-50,1,7184.805019,50,8,,
1796,-34,18,63314.087437,109,31,,
1797,-52,2,8886.714045,49,10,,
1798,-33,10,49636.784453,102,24,,
1799,-40,9,38148.925474,77,21,,
1800,-56,0,4342.820114,48,7,,
1801,-58,4,15845.292957,56,12,,
1802,-52,1,5409.313366,47,7,,
1803,-53,2,4196.111513,46,8,,
1804,-58,0,3639.189724,53,8,,
1805,-55,0,3497.041948,46,7,,
1806,-55,2,4881.974693,49,7,,
1807,-57,2,8026.593805,52,8,,
1808,-47,3,12366.861841,43,10,,
1809,-58,4,11207.371543,56,10,,
1810,-52,2,6677.930073,50,9,,
1811,-58,2,14860.237592,56,11,,
1812,-47,6,18025.688891,50,14,,
1813,-56,0,3082.991455,47,7,,
1814,-50,10,47336.730745,63,23,,
1815,-55,4,10664.40501,59,11,,
1816,-55,2,12985.589879,52,10,,
1817,-32,6,28793.642897,81,16,,
1818,-56,5,18066.90549,58,14,,
1819,-56,0,5131.236629,48,7,,
1820,-55,1,8282.70146,48,8,,
1821,-56,2,8426.91322,51,9,,
1822,-54,1,3467.179441,44,7,,
1823,-54,0,4532.866663,41,6,,
1824,-54,5,20625.534371,55,14,,
1825,-55,0,3480.291408,46,7,,
1826,-55,0,4450.056859,47,7,,
1827,-50,3,20490.798175,55,12,,
1828,-53,0,3425.061747,43,7,,
1829,-56,2,6963.58635,52,8,,
1830,-34,8,27165.518083,93,18,,
1831,-53,2,15705.747862,65,11,,
1832,-55,2,8189.342819,52,9,,
1833,-41,7,32962.696534,62,17,,
1834,-53,2,10952.276747,48,9,,
1835,-56,4,16040.267867,69,13,,
1836,-53,1,3857.05783,43,7,,
1837,-56,1,4694.195871,52,8,,
1838,-30,5,27900.250457,86,17,,
1839,-55,2,9139.513482,46,8,,
1840,-53,4,13860.174076,50,12,,
1841,-55,0,4884.582459,46,7,,
1842,-50,7,40639.038122,74,19,,
1843,-56,2,4511.373897,50,8,,
1844,-30,6,31408.173361,87,17,,
1845,-56,0,5047.322195,48,7,,
1846,-50,4,11318.312462,53,10,,
1847,-55,0,4333.514864,46,7,,
1848,-32,12,37114.679715,112,23,,
1849,-43,6,30591.985952,75,17,,
1850,-48,4,10857.423028,59,12,,
1851,-50,3,8286.844699,55,10,,
1852,-54,0,3575.94568,45,7,,
1853,-56,0,4608.262331,49,8,,
1854,-54,0,5521.228296,43,7,,
1855,-55,2,9375.841851,47,9,,
1856,-50,11,27303.105835,62,18,,
1857,-55,1,7762.976215,46,8,,
1858,-56,2,7128.472407,47,8,,
1859,-52,8,18097.53175,61,15,,
1860,-52,3,10292.472582,51,11,,
1861,-56,0,3815.10993,50,8,,
1862,-54,1,10834.056906,47,9,,
1863,-51,2,14702.959358,64,11,,
1864,-57,1,10222.667073,53,9,,
1865,-55,0,5206.394693,46,7,,
1866,-45,2,13174.321972,61,11,,
1867,-53,1,6554.764456,43,8,,
1868,-32,10,43773.863698,99,23,,
1869,-58,1,9810.132319,55,9,,
1870,-56,5,14549.296052,61,14,,
1871,-54,1,7903.97052,49,9,,
1872,-58,0,4562.31809,51,7,,
1873,-48,5,20180.723569,51,13,,
1874,-52,8,32678.28,81,21,,
1875,-58,2,9039.567573,56,9,,
1876,-45,12,46549.368538,75,24,,
1877,-53,1,4849.629933,47,7,,
1878,-54,0,3325.180825,45,7,,
1879,-54,0,3534.78316,45,7,,
1880,-52,1,7403.490102,43,8,,
1881,-54,0,4627.835043,45,7,,
1882,-48,6,21320.736027,55,16,,
1883,-51,6,15337.836972,46,13,,
1884,-9,10,38073.069658,60,17,,
1885,-58,1,9025.461391,54,9,,
1886,-52,4,20735.54681,53,13,,
1887,-55,2,11997.244692,54,10,,
1888,-39,7,27324.265446,65,16,,
1889,-52,4,12248.919021,46,11,,
1890,-52,1,3193.623321,42,7,,
1891,-46,4,10688.408914,54,11,,
1892,-56,1,12019.074123,51,9,,
1893,-51,2,4332.028036,45,7,,
1894,-55,1,9265.049878,49,9,,
1895,-51,5,20828.487728,46,13,,
1896,-56,0,3742.977024,48,7,,
1897,-56,7,27576.86166,60,16,,
1898,-54,1,5467.422706,43,7,,
1899,-47,1,8270.458153,55,9,,
1900,-54,0,5348.209938,44,7,,
1901,-13,11,44260.741221,43,17,,
1902,-47,4,12787.874502,64,10,,
1903,-55,0,4146.470964,46,7,,
1904,-55,0,3997.613197,48,8,,
1905,-49,4,23448.508375,57,14,,
1906,-22,17,101495.717106,139,43,,
1907,-55,0,4327.280772,45,7,,
1908,-57,0,5631.627598,52,8,,
1909,-57,2,9346.960216,55,9,,
1910,-55,2,4630.661232,50,8,,
1911,-53,3,9678.071892,46,9,,
1912,-40,3,15500.736344,68,12,,
1913,-53,1,3621.604212,52,8,,
1914,-53,0,4570.257064,43,7,,
1915,-56,1,8256.425437,49,9,,
1916,-55,0,4425.626553,50,8,,
1917,-46,2,14860.114029,58,12,,
1918,-56,0,5562.086646,49,8,,
1919,-56,0,4577.462918,51,8,,
1920,-55,2,8992.625146,47,9,,
1921,-33,4,24152.777375,84,15,,
1922,-49,1,8154.263525,54,9,,
1923,-48,6,38773.293509,69,18,,
1924,-50,1,7826.326286,48,8,,
1925,-46,3,13188.592798,47,10,,
1926,-60,1,11163.630484,60,10,,
1927,-39,3,17078.374594,90,14,,
1928,-56,7,33734.449287,65,19,,
1929,-40,9,41807.054752,80,22,,
1930,-55,0,4029.462975,49,8,,
1931,-54,0,3512.32078,46,7,,
1932,-54,0,3952.556207,45,7,,
1933,-53,2,11742.527686,46,10,,
1934,-52,3,11256.744198,54,10,,
1935,-33,10,29100.407088,98,19,,
1936,-54,0,4953.87216,45,7,,
1937,-55,0,4222.522126,49,8,,
1938,-49,2,10965.927206,51,10,,
1939,-49,2,11982.488382,47,10,,
1940,-47,4,14984.8832,47,12,,
1941,-53,2,11587.088074,59,10,,
1942,-50,2,11037.435201,52,10,,
1943,-55,0,4702.34636,48,8,,
1944,-55,0,4991.385032,46,7,,
1945,-43,4,25597.972049,60,15,,
1946,-54,1,4953.536388,52,8,,
1947,-56,2,14737.532857,52,10,,
1948,-27,16,46860.110707,119,29,,
1949,-54,0,4337.990484,43,7,,
1950,-45,17,73612.44937,99,32,,
1951,-52,2,12122.56181,46,10,,
1952,-53,2,3869.267779,43,8,,
1953,-44,9,37644.112879,53,21,,
1954,-53,0,5458.258456,43,7,,
1955,-29,12,34634.061806,92,23,,
1956,-55,1,8146.913517,50,9,,
1957,-55,0,4269.714187,46,7,,
1958,-50,2,12697.921448,51,11,,
1959,-54,0,3914.19694,46,8,,
1960,-48,7,27674.941361,63,17,,
1961,-50,7,24279.99551,71,16,,
1962,-51,6,23538.684225,56,16,,
1963,-50,5,25972.161531,77,15,,
1964,-53,3,9152.486201,52,10,,
1965,-40,4,22493.633664,69,15,,
1966,-54,8,26961.148292,64,18,,
1967,-54,1,4136.539845,44,7,,
1968,-47,2,10516.961849,56,10,,
1969,-52,0,3430.258288,42,7,,
1970,-54,1,4211.88757,44,7,,
1971,-59,2,18910.613631,60,12,,
1972,-53,0,4201.872121,44,7,,
1973,-54,1,4052.669515,49,8,,
1974,-51,4,21378.742612,50,14,,
1975,-45,15,48504.281458,76,26,,
1976,-48,9,24416.696212,73,17,,
1977,-46,4,23184.749587,56,14,,
1978,-50,10,34684.810678,71,19,,
1979,-48,1,9804.365313,55,9,,
1980,-29,6,26958.828896,86,16,,
1981,-55,0,3826.779857,45,7,,
1982,-48,3,17875.134521,51,12,,
1983,-56,0,4606.27156,47,7,,
1984,-46,2,10758.457734,50,9,,
1985,-47,4,17234.231261,51,12,,
1986,-56,0,4341.825675,50,8,,
1987,-55,0,4404.284474,45,7,,
1988,-51,10,34950.654461,58,17,,
1989,-56,0,4343.249117,48,7,,
1990,-49,1,9764.860741,60,9,,
1991,-44,3,11765.507352,48,10,,
1992,-55,2,13724.420236,49,10,,
1993,-58,0,4564.044945,51,7,,
1994,-44,6,19917.089001,62,16,,
1995,-42,13,64075.881867,90,28,,
1996,-55,0,4541.947159,46,7,,
1997,-50,2,10470.585865,56,11,,
1998,-50,1,7660.867745,54,9,,
1999,-52,2,5781.444467,54,8,,
2000,-40,11,30070.706147,80,20,,
2001,-50,2,7200.645141,43,8,,
2002,-45,8,31616.236305,52,17,,
2003,-45,8,41810.211295,63,21,,
2004,-42,3,11990.095333,59,10,,
2005,-54,0,4207.845424,49,9,,
2006,-53,3,15546.117789,65,12,,
2007,-57,0,5080.053171,50,7,,
2008,-43,3,14863.180804,60,12,,
2009,-55,0,4852.9871,47,7,,
2010,-54,0,4306.552413,45,7,,
2011,-55,1,7192.735545,49,8,,
2012,-57,0,5451.807392,53,8,,
2013,-46,8,31724.024094,75,18,,
2014,-37,13,57346.808945,91,28,,
2015,-56,0,5347.037662,48,7,,
2016,-55,1,9680.741049,50,9,,
2017,-58,0,4965.388945,54,8,,
2018,-40,15,86079.508268,110,39,,
2019,-48,1,9867.965196,52,9,,
2020,-45,8,25397.486091,61,18,,
2021,-51,9,37157.795673,77,19,,
2022,-46,1,8274.882958,49,8,,
2023,-51,1,6103.412191,47,8,,
2024,-46,6,26615.465363,76,16,,
2025,-52,2,13586.98693,65,11,,
2026,-50,16,72819.452808,78,36,,
2027,-54,0,4083.579342,47,7,,
2028,-48,4,23207.863828,84,15,,
2029,-55,0,4315.25401,47,8,,
2030,-52,2,4299.251306,44,7,,
2031,-46,4,24349.817611,63,14,,
2032,-56,2,14768.899629,55,11,,
2033,-49,2,9784.477693,58,9,,
2034,-40,15,83375.251272,100,37,,
2035,-57,3,11191.120576,54,11,,
2036,-58,1,5727.570607,52,8,,
2037,-51,1,9921.618404,48,9,,
2038,-55,0,4817.305228,48,8,,
2039,-55,0,3677.085806,48,8,,
2040,-47,4,22246.708791,55,14,,
2041,-54,0,4206.489633,44,7,,
2042,-56,0,4007.132605,48,7,,
2043,-55,0,4519.513988,48,8,,
2044,-53,1,4476.126446,42,7,,
2045,-53,1,8215.253935,51,9,,
2046,-55,0,4941.557713,45,7,,
2047,-56,0,4357.188936,52,8,,
2048,-56,0,5239.624032,52,8,,
2049,-43,4,27954.832286,59,14,,
2050,-55,1,9207.386869,50,9,,
2051,-56,0,4297.676716,51,8,,
2052,-58,2,7529.313353,59,9,,
2053,-42,2,12820.183559,62,10,,
2054,-43,2,19492.728113,62,11,,
2055,-42,4,16754.5876,66,12,,
2056,-41,12,57376.307675,73,29,,
2057,-53,2,5350.506423,50,9,,
2058,-58,0,5373.063024,53,8,,
2059,-56,1,4795.124926,53,8,,
2060,-54,0,4341.294933,44,7,,
2061,-57,0,4511.199617,55,9,,
2062,-56,1,6314.961318,55,9,,
2063,-47,4,19118.531694,50,13,,
2064,-49,6,38511.118571,89,21,,
2065,-36,22,119024.332374,66,50,,
2066,-50,5,23562.484592,52,15,,
2067,-56,2,14846.130479,57,11,,
2068,-46,2,15176.826185,64,12,,
2069,-50,9,30223.993869,56,18,,
2070,-53,0,4393.70686,43,7,,
2071,-56,0,6090.468042,54,9,,
2072,-47,2,14685.210593,54,11,,
2073,-47,4,13479.399954,58,11,,
2074,-50,3,18681.986194,52,12,,
2075,-48,2,15753.695096,54,12,,
2076,-51,4,21603.389183,57,13,,
2077,-50,1,9035.428414,53,9,,
2078,-52,3,10026.616475,45,10,,
2079,-50,5,25662.060854,48,14,,
2080,-50,4,19423.050451,53,14,,
2081,-54,2,12590.065011,51,11,,
2082,-33,26,128938.836571,89,50,,
2083,-55,0,5385.630747,46,7,,
2084,-56,0,4195.406132,53,8,,
2085,-54,1,8101.235043,44,8,,
2086,-56,0,4707.404852,54,9,,
2087,-51,4,15154.328657,60,12,,
2088,-50,0,16799.182392,65,18,,
2089,-55,0,4848.236034,52,8,,
2090,-30,14,68007.927211,114,33,,
2091,-58,0,5656.457482,53,8,,
2092,-40,7,39194.192006,85,21,,
2093,-50,2,6434.815808,49,9,,
2094,-34,10,29631.750672,85,20,,
2095,-55,2,13252.363712,58,12,,
2096,-56,1,9437.526941,49,9,,
2097,-44,7,27059.369269,64,18,,
2098,-40,3,13631.825516,69,12,,
2099,-55,0,4597.732557,44,7,,
2100,-49,4,16606.159857,56,12,,
2101,-50,3,6989.809062,52,10,,
2102,-55,0,4219.777055,49,8,,
2103,-57,0,4473.001887,52,8,,
2104,-53,0,4499.174181,45,8,,
2105,-41,18,108414.860159,149,49,,
2106,-44,5,22835.459332,57,16,,
2107,-52,2,12338.715807,54,11,,
2108,-57,0,5443.666186,53,8,,
2109,-55,0,6032.119484,52,9,,
2110,-51,5,21567.904246,72,15,,
2111,-55,3,8128.099822,56,10,,
2112,-58,2,17314.889141,57,12,,
2113,-56,0,6449.133822,49,8,,
2114,-49,2,11521.869342,45,10,,
2115,-35,11,28955.054664,68,20,,
2116,-57,0,5708.677629,55,9,,
2117,-52,2,11727.132437,63,10,,
2118,-55,0,4877.37561,50,8,,
2119,-51,3,15926.455935,44,11,,
2120,-51,5,38837.333379,68,18,,
2121,-48,1,10268.493161,56,9,,
2122,-45,5,29933.495983,54,16,,
2123,-48,4,20269.666143,67,13,,
2124,-55,1,6305.408945,52,9,,
2125,-46,3,17901.521636,69,14,,
2126,-57,0,5797.110916,54,9,,
2127,-46,6,23795.907826,57,16,,
2128,-56,0,5918.689144,54,10,,
2129,-53,0,4772.841348,45,8,,
2130,-31,10,51858.089981,91,25,,
2131,-54,0,4643.674522,43,7,,
2132,-54,0,5410.330779,44,7,,
2133,-54,0,5681.900143,46,8,,
2134,-50,2,13299.988003,60,11,,
2135,-53,0,5486.070371,46,8,,
2136,-53,2,10626.033562,50,10,,
2137,-54,1,4987.401936,50,8,,
2138,-56,0,5885.444366,56,10,,
2139,-58,10,30963.775147,65,18,,
2140,-57,0,5176.610162,52,8,,
2141,-57,0,6325.641084,57,10,,
2142,-55,4,21281.188214,55,14,,
2143,-52,2,10048.398401,59,11,,
2144,-54,0,4471.645684,51,9,,
2145,-54,0,5250.681205,43,7,,
2146,-58,3,25943.082224,65,15,,
2147,-54,0,6813.124811,46,8,,
2148,-57,5,19350.634156,58,13,,
2149,-41,7,40262.110266,70,21,,
2150,-55,0,5694.665097,49,8,,
2151,-54,1,8577.679525,54,10,,
2152,-54,2,13175.203637,61,12,,
2153,-54,0,4824.924432,48,8,,
2154,-53,1,9794.453602,56,10,,
2155,-55,0,5833.059048,49,8,,
2156,-56,0,7027.122153,54,9,,
2157,-54,0,4979.509304,44,7,,
2158,-56,2,6288.235016,53,8,,
2159,-33,19,97299.246298,144,45,,
2160,-54,0,5387.733531,44,7,,
2161,-38,10,42575.600302,71,21,,
2162,-57,0,6131.325632,51,8,,
2163,-58,0,5013.09083,56,9,,
2164,-54,1,6579.657491,60,10,,
2165,-53,2,12369.001823,50,10,,
2166,-58,3,9238.168522,58,10,,
2167,-56,0,7110.103963,53,10,,
2168,-58,7,24332.074043,68,19,,
2169,-55,0,8450.765011,47,8,,
2170,-55,0,4393.147542,47,7,,
2171,-55,2,9863.770721,53,11,,
2172,-56,0,5663.302012,52,8,,
2173,-49,4,17820.911473,63,13,,
2174,-54,0,5070.85527,46,8,,
2175,-51,3,9694.570598,58,10,,
2176,-55,0,6714.584832,50,9,,
2177,-52,1,10843.411324,67,12,,
2178,-56,0,6169.282328,50,8,,
2179,-35,10,58554.003928,86,28,,
2180,-48,3,21025.257929,66,12,,
2181,-53,0,5136.394755,43,7,,
2182,-55,0,4523.314196,49,8,,
2183,-55,0,5545.673823,51,9,,
2184,-56,3,14211.397145,52,10,,
2185,-24,25,119006.117746,110,50,,
2186,-54,2,11490.097912,56,11,,
2187,-55,0,5598.122119,46,7,,
2188,-55,0,6158.653409,48,7,,
2189,-58,5,13952.047872,66,13,,
2190,-58,0,6539.119892,55,9,,
2191,-56,0,5874.871367,51,9,,
2192,-55,1,7576.418637,53,10,,
2193,-36,14,87535.135,60,34,,
2194,-45,4,15744.375743,58,12,,
2195,-54,2,5227.563645,48,8,,
2196,-46,3,16182.001087,50,11,,
2197,-55,0,7669.519944,51,9,,
2198,-57,0,5758.112394,54,9,,
2199,-55,0,6330.584603,50,8,,
2200,-51,3,12200.46592,55,12,,
2201,-50,3,12104.630383,58,11,,
2202,-55,0,5593.022744,46,7,,
2203,-50,6,28186.923495,52,17,,
2204,-53,0,4667.718481,43,7,,
2205,-49,5,29482.075593,63,17,,
2206,-44,13,75127.221842,86,34,,
2207,-51,5,17087.839409,56,13,,
2208,-49,2,6382.888549,51,9,,
2209,-51,2,14268.779705,54,12,,
2210,-57,2,12218.213393,53,10,,
2211,-52,1,11980.561659,52,10,,
2212,-51,4,14773.072108,51,12,,
2213,-55,0,5334.840859,50,9,,
2214,-54,2,5853.904217,54,10,,
2215,-50,1,10396.724112,67,11,,
2216,-56,0,5203.700539,52,9,,
2217,-51,2,12626.672847,56,11,,
2218,-54,0,4358.001257,47,8,,
2219,-51,1,11379.420842,62,10,,
2220,-42,3,22819.890452,76,15,,
2221,-57,0,5560.846514,52,8,,
2222,-49,3,15260.281911,53,11,,
2223,-56,0,5126.364154,54,9,,
2224,-56,0,7422.6281,57,9,,
2225,-53,2,12037.841239,61,11,,
2226,-30,11,42556.514233,99,24,,
2227,-45,2,15682.402963,64,11,,
2228,-8,28,111096.770216,101,50,,
2229,-54,2,8127.631744,51,10,,
2230,-54,0,6721.137407,49,9,,
2231,-57,0,5970.689643,54,9,,
2232,-40,4,28763.505797,86,17,,
2233,-36,10,52801.621854,100,27,,
2234,-52,0,6029.854993,43,8,,
2235,-44,12,75663.591337,103,34,,
2236,-53,0,5153.343349,51,10,,
2237,-55,0,4971.372046,49,8,,
2238,-57,0,6908.187373,51,8,,
2239,-41,5,22882.98184,69,15,,
2240,-58,5,20922.422956,58,13,,
2241,-52,0,4705.938422,43,7,,
2242,-54,1,5747.771213,50,8,,
2243,-55,0,5895.037951,53,9,,
2244,-48,4,18683.804429,49,13,,
2245,-53,2,10940.133961,50,11,,
2246,-49,7,33805.756364,56,17,,
2247,-57,5,21947.07574,62,14,,
2248,-47,5,16783.057565,66,13,,
2249,-42,5,16734.345872,60,12,,
2250,-42,3,22999.827566,61,13,,
2251,-51,3,8068.793296,50,9,,
2252,-55,0,8571.803117,54,10,,
2253,-57,0,5015.114446,56,9,,
2254,-56,1,5542.77789,54,9,,
2255,-51,5,13721.214745,55,12,,
2256,-47,3,10023.931828,54,11,,
2257,-42,11,37127.563908,75,21,,
2258,-43,7,24611.631979,64,17,,
2259,-57,3,16048.224408,56,12,,
2260,-52,1,6085.614636,43,8,,
2261,-55,0,6151.945533,46,7,,
2262,-57,0,5434.320478,52,8,,
2263,-8,29,118762.516369,107,50,,
2264,-51,2,8087.384707,45,9,,
2265,-53,0,5731.402671,46,8,,
2266,-49,7,21035.210477,60,16,,
2267,-54,0,4869.764398,48,8,,
2268,-58,0,5451.07211,56,9,,
2269,-47,4,18905.733681,66,14,,
2270,-53,5,22962.835016,54,16,,
2271,-56,0,6550.181955,57,11,,
2272,-39,6,26671.929666,61,16,,
2273,-57,1,5629.776297,52,8,,
2274,-56,1,7559.131437,51,9,,
2275,-54,0,6153.232338,46,8,,
2276,-40,7,27296.618949,92,16,,
2277,-44,3,17014.435461,51,12,,
2278,-54,0,5953.885855,50,9,,
2279,-55,0,7350.89608,53,9,,
2280,-54,5,37008.390682,57,18,,
2281,-45,9,35421.246051,82,20,,
2282,-45,2,15806.74698,67,12,,
2283,-53,3,13328.596604,59,11,,
2284,-56,1,7743.269902,48,8,,
2285,-55,0,5232.929521,50,9,,
2286,-56,0,4958.841654,52,9,,
2287,-60,4,14401.49576,63,13,,
2288,-46,9,50548.948633,78,17,,
2289,-51,1,10930.506801,62,10,,
2290,-35,12,59627.256107,103,27,,
2291,-45,3,23524.073574,82,15,,
2292,-56,4,18924.015031,58,14,,
2293,-49,3,15700.034631,45,12,,
2294,-52,1,7155.752382,49,8,,
2295,-55,0,4362.170946,49,8,,
2296,-52,0,4961.619199,40,7,,
2297,-51,3,18757.662614,50,12,,
2298,-55,0,6774.39123,51,8,,
2299,-57,0,6326.805815,53,9,,
2300,-56,0,7635.363186,55,9,,
2301,-55,3,17018.911579,54,13,,
2302,-48,3,16438.705929,62,13,,
2303,-49,8,29352.140251,77,17,,
2304,-55,0,5388.585659,47,7,,
2305,-48,3,10111.445317,48,10,,
2306,-55,3,17090.498128,57,13,,
2307,-55,0,7520.286593,52,9,,
2308,-57,0,6493.632381,50,8,,
2309,-55,0,5963.723057,46,7,,
2310,-53,0,6636.378567,51,11,,
2311,-53,2,5866.577878,56,10,,
2312,-55,0,3925.868523,51,8,,
2313,-49,1,8166.636514,50,8,,
2314,-55,0,4873.266467,46,7,,
2315,-53,0,5448.448554,43,7,,
2316,-56,3,23575.383056,64,14,,
2317,-55,0,4913.952384,46,7,,
2318,-8,29,118337.567443,162,50,,
2319,-52,1,10617.5774,46,9,,
2320,-48,2,17880.978277,64,13,,
2321,-50,3,19884.959857,69,13,,
2322,-44,5,30180.45734,67,18,,
2323,-50,2,18734.401664,49,12,,
2324,-42,8,42721.313191,62,22,,
2325,-54,0,4677.100599,45,7,,
2326,-54,0,6184.271626,49,9,,
2327,-50,2,13591.411333,64,12,,
2328,-39,7,42000.487056,96,22,,
2329,-56,0,7698.34441,56,9,,
2330,-53,0,5993.308778,46,8,,
2331,-55,0,8989.863519,56,11,,
2332,-57,0,6049.68265,52,8,,
2333,-50,2,13767.687713,51,11,,
2334,-58,1,11398.141163,58,11,,
2335,-49,2,21375.83178,57,14,,
2336,-53,0,4709.712076,49,9,,
2337,-57,0,5592.465281,53,8,,
2338,-55,0,7543.582221,51,9,,
2339,-45,3,18767.698318,54,13,,
2340,-52,1,11162.163563,57,11,,
2341,-55,0,6637.657047,49,8,,
2342,-56,0,8863.666289,54,10,,
2343,-43,5,32280.432917,79,18,,
2344,-45,4,18916.561669,77,15,,
